Workbook

Sheet E Lead
C1: KAP Dwi Haryadi Nugraha & Rekan
C2: KK Induk E · Piutang SPP | I2: Indeks KK | J2: E
C3: Klien | I3: Disusun/Tgl
C4: Periode | D4: 31 Desember 2025 | I4: Direview/Tgl
A6: A. Lead Schedule
A7: PM Final (Rp) | E7: M/TM | F7: =IF($C$7="","",IF(ABS(F17)>=$C$7,"M","TM")) | G7: CRA
A8: Ref | B8: Sub-Akun | C8: 2024 Audit | D8: 2025 per Buku | E8: AJE | F8: 2025 Audit | G8: Naik (Turun) | H8: % | I8: Ref AJE | J8: Ref KK Anak
A9: E-1 | F9: =D9+E9 | G9: =F9-C9 | H9: =IF(C9=0,"",G9/C9)
A10: E-2 | F10: =D10+E10 | G10: =F10-C10 | H10: =IF(C10=0,"",G10/C10)
A11: E-3 | F11: =D11+E11 | G11: =F11-C11 | H11: =IF(C11=0,"",G11/C11)
A12: E-4 | F12: =D12+E12 | G12: =F12-C12 | H12: =IF(C12=0,"",G12/C12)
A13: E-5 | F13: =D13+E13 | G13: =F13-C13 | H13: =IF(C13=0,"",G13/C13)
A14: E-6 | F14: =D14+E14 | G14: =F14-C14 | H14: =IF(C14=0,"",G14/C14)
A15: E-7 | F15: =D15+E15 | G15: =F15-C15 | H15: =IF(C15=0,"",G15/C15)
A16: E-8 | F16: =D16+E16 | G16: =F16-C16 | H16: =IF(C16=0,"",G16/C16)
B17: Jumlah | C17: =SUM(C9:C16) | D17: =SUM(D9:D16) | E17: =SUM(E9:E16) | F17: =SUM(F9:F16) | G17: =SUM(G9:G16) | H17: =IF(C17=0,"",G17/C17)
A19: B. Jawaban Asersi (Otomatis dari Program dan KK Anak)
A20: Kode | B20: Asersi | C20: Dijawab oleh Prosedur | E20: Relevan | F20: Selesai | G20: Pengecualian | H20: Jawaban | I20: Ref AJE | J20: Catatan
A21: E | B21: Keberadaan | C21: E.1, E.2, E.3, E.4, E.8, E.9 | E21: =COUNTIF('E Program'!$D$8:$D$16,"X") | F21: =COUNTIFS('E Program'!$D$8:$D$16,"X",'E Program'!$I$8:$I$16,"Selesai") | G21: =COUNTIFS('E Program'!$D$8:$D$16,"X",'E Program'!$J$8:$J$16,"Pengecualian") | H21: =IF(E21=0,"n/a",IF(G21>0,"TT",IF(F21+COUNTIFS('E Program'!$D$8:$D$16,"X",'E Program'!$I$8:$I$16,"Tidak Relevan")<E21,"BD",IF(F21=0,"n/a",IF(COUNTIFS('E Program'!$D$8:$D$16,"X",'E Program'!$J$8:$J$16,"Koreksi (AJE)")>0,"T-K","T")))))
A22: V | B22: Penilaian | C22: E.2, E.3, E.5, E.6, E.7 | E22: =COUNTIF('E Program'!$E$8:$E$16,"X") | F22: =COUNTIFS('E Program'!$E$8:$E$16,"X",'E Program'!$I$8:$I$16,"Selesai") | G22: =COUNTIFS('E Program'!$E$8:$E$16,"X",'E Program'!$J$8:$J$16,"Pengecualian") | H22: =IF(E22=0,"n/a",IF(G22>0,"TT",IF(F22+COUNTIFS('E Program'!$E$8:$E$16,"X",'E Program'!$I$8:$I$16,"Tidak Relevan")<E22,"BD",IF(F22=0,"n/a",IF(COUNTIFS('E Program'!$E$8:$E$16,"X",'E Program'!$J$8:$J$16,"Koreksi (AJE)")>0,"T-K","T")))))
A23: C | B23: Kelengkapan | C23: E.1, E.3, E.4, E.8 | E23: =COUNTIF('E Program'!$F$8:$F$16,"X") | F23: =COUNTIFS('E Program'!$F$8:$F$16,"X",'E Program'!$I$8:$I$16,"Selesai") | G23: =COUNTIFS('E Program'!$F$8:$F$16,"X",'E Program'!$J$8:$J$16,"Pengecualian") | H23: =IF(E23=0,"n/a",IF(G23>0,"TT",IF(F23+COUNTIFS('E Program'!$F$8:$F$16,"X",'E Program'!$I$8:$I$16,"Tidak Relevan")<E23,"BD",IF(F23=0,"n/a",IF(COUNTIFS('E Program'!$F$8:$F$16,"X",'E Program'!$J$8:$J$16,"Koreksi (AJE)")>0,"T-K","T")))))
A24: R | B24: Hak dan Kewajiban | C24: E.2, E.9 | E24: =COUNTIF('E Program'!$G$8:$G$16,"X") | F24: =COUNTIFS('E Program'!$G$8:$G$16,"X",'E Program'!$I$8:$I$16,"Selesai") | G24: =COUNTIFS('E Program'!$G$8:$G$16,"X",'E Program'!$J$8:$J$16,"Pengecualian") | H24: =IF(E24=0,"n/a",IF(G24>0,"TT",IF(F24+COUNTIFS('E Program'!$G$8:$G$16,"X",'E Program'!$I$8:$I$16,"Tidak Relevan")<E24,"BD",IF(F24=0,"n/a",IF(COUNTIFS('E Program'!$G$8:$G$16,"X",'E Program'!$J$8:$J$16,"Koreksi (AJE)")>0,"T-K","T")))))
A25: P | B25: Penyajian dan Pengungkapan | C25: E.2, E.5, E.6, E.7 | E25: =COUNTIF('E Program'!$H$8:$H$16,"X") | F25: =COUNTIFS('E Program'!$H$8:$H$16,"X",'E Program'!$I$8:$I$16,"Selesai") | G25: =COUNTIFS('E Program'!$H$8:$H$16,"X",'E Program'!$J$8:$J$16,"Pengecualian") | H25: =IF(E25=0,"n/a",IF(G25>0,"TT",IF(F25+COUNTIFS('E Program'!$H$8:$H$16,"X",'E Program'!$I$8:$I$16,"Tidak Relevan")<E25,"BD",IF(F25=0,"n/a",IF(COUNTIFS('E Program'!$H$8:$H$16,"X",'E Program'!$J$8:$J$16,"Koreksi (AJE)")>0,"T-K","T")))))
A27: C. Kesimpulan Akun
A28: Status | C28: =IF(COUNTIF(H21:H25,"TT")>0,"Belum terpenuhi",IF(COUNTIF(H21:H25,"BD")+COUNTBLANK(H21:H25)>0,"Pengujian belum selesai",IF(COUNTIF(H21:H25,"T-K")>0,"Wajar setelah penyesuaian audit","Wajar, tidak ada salah saji")))
A29: Kesimpulan Auditor | C29: Berdasarkan prosedur audit yang dilaksanakan, saldo piutang SPP per 31 Desember 2025 disajikan wajar dalam semua hal yang material (sesuaikan).
A33: Jawaban: T terpenuhi, T-K terpenuhi setelah koreksi, TT ada pengecualian, BD belum semua prosedur relevan selesai. Hasil akun mengalir ke A-1.

Sheet E Program
C1: KAP Dwi Haryadi Nugraha & Rekan
C2: Program Prosedur Substantif E · Piutang SPP | K2: Indeks KK | L2: E
C3: Klien | K3: Disusun/Tgl
C4: Periode | D4: 31 Desember 2025 | K4: Direview/Tgl
A6: Prosedur Substantif Primer (Whitepaper) dan Prosedur Tambahan
A7: Ref | B7: Prosedur | C7: Jenis | D7: E | E7: V | F7: C | G7: R | H7: P | I7: Status | J7: Hasil | K7: Ref AJE | L7: Sheet KK Anak
A8: E.1 | B8: Kesesuaian Buku Besar & Detil | C8: PSP | D8: X | F8: X | I8: =IF('E.1 Kesesuaian Buku Besar &'!$C$7="","Belum",'E.1 Kesesuaian Buku Besar &'!$C$7) | J8: =IF('E.1 Kesesuaian Buku Besar &'!$C$8="","",'E.1 Kesesuaian Buku Besar &'!$C$8) | K8: =IF('E.1 Kesesuaian Buku Besar &'!$C$9="","",'E.1 Kesesuaian Buku Besar &'!$C$9) | L8: E.1 Kesesuaian Buku Besar &
A9: E.2 | B9: Penerimaan Kas Berikutnya | C9: PSP | D9: X | E9: X | G9: X | H9: X | I9: =IF('E.2 Penerimaan Kas Berikutnya'!$C$7="","Belum",'E.2 Penerimaan Kas Berikutnya'!$C$7) | J9: =IF('E.2 Penerimaan Kas Berikutnya'!$C$8="","",'E.2 Penerimaan Kas Berikutnya'!$C$8) | K9: =IF('E.2 Penerimaan Kas Berikutnya'!$C$9="","",'E.2 Penerimaan Kas Berikutnya'!$C$9) | L9: E.2 Penerimaan Kas Berikutnya
A10: E.3 | B10: Prosedur Roll-Forward | C10: PSP | D10: X | E10: X | F10: X | I10: =IF('E.3 Prosedur Roll-Forward'!$C$7="","Belum",'E.3 Prosedur Roll-Forward'!$C$7) | J10: =IF('E.3 Prosedur Roll-Forward'!$C$8="","",'E.3 Prosedur Roll-Forward'!$C$8) | K10: =IF('E.3 Prosedur Roll-Forward'!$C$9="","",'E.3 Prosedur Roll-Forward'!$C$9) | L10: E.3 Prosedur Roll-Forward
A11: E.4 | B11: Pisah Batas Piutang Usaha | C11: PSP | D11: X | F11: X | I11: =IF('E.4 Pisah Batas Piutang Usaha'!$C$7="","Belum",'E.4 Pisah Batas Piutang Usaha'!$C$7) | J11: =IF('E.4 Pisah Batas Piutang Usaha'!$C$8="","",'E.4 Pisah Batas Piutang Usaha'!$C$8) | K11: =IF('E.4 Pisah Batas Piutang Usaha'!$C$9="","",'E.4 Pisah Batas Piutang Usaha'!$C$9) | L11: E.4 Pisah Batas Piutang Usaha
A12: E.5 | B12: Cadangan Penurunan Nilai | C12: PSP | E12: X | H12: X | I12: =IF('E.5 Cadangan Penurunan Nilai'!$C$7="","Belum",'E.5 Cadangan Penurunan Nilai'!$C$7) | J12: =IF('E.5 Cadangan Penurunan Nilai'!$C$8="","",'E.5 Cadangan Penurunan Nilai'!$C$8) | K12: =IF('E.5 Cadangan Penurunan Nilai'!$C$9="","",'E.5 Cadangan Penurunan Nilai'!$C$9) | L12: E.5 Cadangan Penurunan Nilai
A13: E.6 | B13: Penyesuaian Lain | C13: PSP | E13: X | H13: X | I13: =IF('E.6 Penyesuaian Lain'!$C$7="","Belum",'E.6 Penyesuaian Lain'!$C$7) | J13: =IF('E.6 Penyesuaian Lain'!$C$8="","",'E.6 Penyesuaian Lain'!$C$8) | K13: =IF('E.6 Penyesuaian Lain'!$C$9="","",'E.6 Penyesuaian Lain'!$C$9) | L13: E.6 Penyesuaian Lain
A14: E.7 | B14: Piutang Mata Uang Asing | C14: PSP | E14: X | H14: X | I14: =IF('E.7 Piutang Mata Uang Asing'!$C$7="","Belum",'E.7 Piutang Mata Uang Asing'!$C$7) | J14: =IF('E.7 Piutang Mata Uang Asing'!$C$8="","",'E.7 Piutang Mata Uang Asing'!$C$8) | K14: =IF('E.7 Piutang Mata Uang Asing'!$C$9="","",'E.7 Piutang Mata Uang Asing'!$C$9) | L14: E.7 Piutang Mata Uang Asing
A15: E.8 | B15: Credit & Unusual Balance | C15: PSP | D15: X | F15: X | I15: =IF('E.8 Credit & Unusual Balance'!$C$7="","Belum",'E.8 Credit & Unusual Balance'!$C$7) | J15: =IF('E.8 Credit & Unusual Balance'!$C$8="","",'E.8 Credit & Unusual Balance'!$C$8) | K15: =IF('E.8 Credit & Unusual Balance'!$C$9="","",'E.8 Credit & Unusual Balance'!$C$9) | L15: E.8 Credit & Unusual Balance
A16: E.9 | B16: Konfirmasi Piutang (SA 505) | C16: Tambahan | D16: X | G16: X | I16: =IF('E.9 Konfirmasi Piutang (SA 505)'!$C$7="","Belum",'E.9 Konfirmasi Piutang (SA 505)'!$C$7) | J16: =IF('E.9 Konfirmasi Piutang (SA 505)'!$C$8="","",'E.9 Konfirmasi Piutang (SA 505)'!$C$8) | K16: =IF('E.9 Konfirmasi Piutang (SA 505)'!$C$9="","",'E.9 Konfirmasi Piutang (SA 505)'!$C$9) | L16: E.9 Konfirmasi Piutang (SA 505)
A18: Status dan hasil diisi di sheet KK anak masing-masing prosedur (sel kuning bagian A). Program ini dan jawaban asersi di Lead terisi otomatis.
A19: X = asersi yang dijawab prosedur (whitepaper Asersi dan Prosedur Audit Substantif Primer). Prosedur tambahan merespons risiko gabungan (CRA) dan karakter industri.

Sheet E.1 Kesesuaian Buku Besar &
C1: KAP Dwi Haryadi Nugraha & Rekan
C2: KK Anak E.1 · Kesesuaian Buku Besar & Detil | F2: Indeks KK | G2: E.1
C3: Klien | F3: Disusun/Tgl
C4: Periode | D4: 31 Desember 2025 | F4: Direview/Tgl
A6: A. Status dan Hasil Prosedur
A7: Status | C7: Belum | D7: Asersi Dijawab | E7: E Keberadaan, C Kelengkapan
A8: Hasil | D8: Jenis | E8: PSP (Whitepaper)
A9: Ref AJE | D9: Dikerjakan Oleh/Tgl
A11: B. Langkah Kerja
A12: Footing rincian piutang per pelanggan dan cocokkan totalnya dengan buku besar dan neraca saldo.
A14: C. Pengujian
A15: No | B15: Uraian / Dokumen | C15: Jumlah per Buku | D15: Jumlah per Bukti | E15: Selisih | F15: Tickmark | G15: Keterangan
A16: 1 | E16: =IF(D16="","",D16-C16)
A17: 2 | E17: =IF(D17="","",D17-C17)
A18: 3 | E18: =IF(D18="","",D18-C18)
A19: 4 | E19: =IF(D19="","",D19-C19)
A20: 5 | E20: =IF(D20="","",D20-C20)
A21: 6 | E21: =IF(D21="","",D21-C21)
A22: 7 | E22: =IF(D22="","",D22-C22)
A23: 8 | E23: =IF(D23="","",D23-C23)
A24: 9 | E24: =IF(D24="","",D24-C24)
A25: 10 | E25: =IF(D25="","",D25-C25)
A26: 11 | E26: =IF(D26="","",D26-C26)
A27: 12 | E27: =IF(D27="","",D27-C27)
... A35: 20 | E35: =IF(D35="","",D35-C35)
B36: Jumlah | C36: =SUM(C16:C35) | D36: =SUM(D16:D35) | E36: =SUM(E16:E35)
A38: Kesimpulan Pengujian

Sheet E.2 Penerimaan Kas Berikutnya
C1: KAP Dwi Haryadi Nugraha & Rekan
C2: KK Anak E.2 · Penerimaan Kas Berikutnya | F2: Indeks KK | G2: E.2
C3: Klien | F3: Disusun/Tgl
C4: Periode | D4: 31 Desember 2025 | F4: Direview/Tgl
A6: A. Status dan Hasil Prosedur
A7: Status | C7: Belum | D7: Asersi Dijawab | E7: E Keberadaan, V Penilaian, R Hak dan Kewajiban, P Penyajian dan Pengungkapan
A8: Hasil | D8: Jenis | E8: PSP (Whitepaper)
A9: Ref AJE | D9: Dikerjakan Oleh/Tgl
A11: B. Langkah Kerja
A12: Telusuri penerimaan kas setelah tanggal neraca atas sampel saldo piutang ke rekening koran dan bukti penerimaan.
A14: C. Pengujian
A15: No | B15: Uraian / Dokumen | C15: Jumlah per Buku | D15: Jumlah per Bukti | E15: Selisih | F15: Tickmark | G15: Keterangan
A16: 1 | E16: =IF(D16="","",D16-C16)
A17: 2 | E17: =IF(D17="","",D17-C17)
A18: 3 | E18: =IF(D18="","",D18-C18)
A19: 4 | E19: =IF(D19="","",D19-C19)
A20: 5 | E20: =IF(D20="","",D20-C20)
A21: 6 | E21: =IF(D21="","",D21-C21)
A22: 7 | E22: =IF(D22="","",D22-C22)
A23: 8 | E23: =IF(D23="","",D23-C23)
A24: 9 | E24: =IF(D24="","",D24-C24)
A25: 10 | E25: =IF(D25="","",D25-C25)
A26: 11 | E26: =IF(D26="","",D26-C26)
A27: 12 | E27: =IF(D27="","",D27-C27)
... A35: 20 | E35: =IF(D35="","",D35-C35)
B36: Jumlah | C36: =SUM(C16:C35) | D36: =SUM(D16:D35) | E36: =SUM(E16:E35)
A38: Kesimpulan Pengujian

Sheet E.3 Prosedur Roll-Forward
C1: KAP Dwi Haryadi Nugraha & Rekan
C2: KK Anak E.3 · Prosedur Roll-Forward | E2: Indeks KK | F2: E.3
C3: Klien | E3: Disusun/Tgl
C4: Periode | D4: 31 Desember 2025 | E4: Direview/Tgl
A6: A. Status dan Hasil Prosedur
A7: Status | C7: Belum | D7: Asersi Dijawab | E7: E Keberadaan, V Penilaian, C Kelengkapan
A8: Hasil | D8: Jenis | E8: PSP (Whitepaper)
A9: Ref AJE | D9: Dikerjakan Oleh/Tgl
A11: B. Langkah Kerja
A12: Susun roll-forward saldo awal + penjualan kredit - penerimaan - retur/potongan = saldo akhir; cocokkan setiap komponen dengan sumbernya.
A14: C. Pengujian
A15: No | B15: Uraian | C15: Jumlah | D15: Sumber / Ref | E15: Tickmark | F15: Keterangan
A16: 1 | B16: Saldo Awal (Audit Tahun Lalu)
A17: 2 | B17: Penambahan
A18: 3 | B18: Pengurangan
A19: 4 | B19: Penyesuaian Lain
B20: Saldo Akhir Dihitung | C20: =C16+C17-C18+C19
B21: Saldo Akhir Per Buku
B22: Selisih | C22: =IF(C21="","",C20-C21)
A24: Kesimpulan Pengujian

Sheet E.4 Pisah Batas Piutang Usaha
C1: KAP Dwi Haryadi Nugraha & Rekan
C2: KK Anak E.4 · Pisah Batas Piutang Usaha | H2: Indeks KK | I2: E.4
C3: Klien | H3: Disusun/Tgl
C4: Periode | D4: 31 Desember 2025 | H4: Direview/Tgl
A6: A. Status dan Hasil Prosedur
A7: Status | C7: Belum | D7: Asersi Dijawab | E7: E Keberadaan, C Kelengkapan
A8: Hasil | D8: Jenis | E8: PSP (Whitepaper)
A9: Ref AJE | D9: Dikerjakan Oleh/Tgl
A11: B. Langkah Kerja
A12: Uji faktur dan dokumen pengiriman lima hari kerja sebelum dan sesudah tanggal neraca; pastikan piutang dicatat pada periode yang tepat.
A14: C. Pengujian
A15: No | B15: Tanggal | C15: No. Dokumen | D15: Uraian | E15: Nilai | F15: Dicatat Periode | G15: Seharusnya Periode | H15: Hasil | I15: Keterangan
A16: 1 | H16: =IF(OR(F16="",G16=""),"",IF(F16=G16,"Sesuai","Salah Saji"))
A17: 2 | H17: =IF(OR(F17="",G17=""),"",IF(F17=G17,"Sesuai","Salah Saji"))
A18: 3 | H18: =IF(OR(F18="",G18=""),"",IF(F18=G18,"Sesuai","Salah Saji"))
A19: 4 | H19: =IF(OR(F19="",G19=""),"",IF(F19=G19,"Sesuai","Salah Saji"))
A20: 5 | H20: =IF(OR(F20="",G20=""),"",IF(F20=G20,"Sesuai","Salah Saji"))
A21: 6 | H21: =IF(OR(F21="",G21=""),"",IF(F21=G21,"Sesuai","Salah Saji"))
A22: 7 | H22: =IF(OR(F22="",G22=""),"",IF(F22=G22,"Sesuai","Salah Saji"))
A23: 8 | H23: =IF(OR(F23="",G23=""),"",IF(F23=G23,"Sesuai","Salah Saji"))
A24: 9 | H24: =IF(OR(F24="",G24=""),"",IF(F24=G24,"Sesuai","Salah Saji"))
A25: 10 | H25: =IF(OR(F25="",G25=""),"",IF(F25=G25,"Sesuai","Salah Saji"))
A26: 11 | H26: =IF(OR(F26="",G26=""),"",IF(F26=G26,"Sesuai","Salah Saji"))
A27: 12 | H27: =IF(OR(F27="",G27=""),"",IF(F27=G27,"Sesuai","Salah Saji"))
... A35: 20 | H35: =IF(OR(F35="",G35=""),"",IF(F35=G35,"Sesuai","Salah Saji"))
D36: Jumlah Salah Saji Pisah Batas | E36: =SUMIF(H16:H35,"Salah Saji",E16:E35)
A38: Kesimpulan Pengujian

Sheet E.5 Cadangan Penurunan Nilai
C1: KAP Dwi Haryadi Nugraha & Rekan
C2: KK Anak E.5 · Cadangan Penurunan Nilai | I2: Indeks KK | J2: E.5
C3: Klien | I3: Disusun/Tgl
C4: Periode | D4: 31 Desember 2025 | I4: Direview/Tgl
A6: A. Status dan Hasil Prosedur
A7: Status | C7: Belum | D7: Asersi Dijawab | E7: V Penilaian, P Penyajian dan Pengungkapan
A8: Hasil | D8: Jenis | E8: PSP (Whitepaper)
A9: Ref AJE | D9: Dikerjakan Oleh/Tgl
A11: B. Langkah Kerja
A12: Uji umur piutang dan rekalkulasi cadangan kerugian kredit ekspektasian (PSAK 109); evaluasi asumsi manajemen.
A14: C. Pengujian
B15: Tarif Cadangan Per Kelompok Umur
A16: No | B16: Pihak | C16: Saldo | D16: 0-30 Hari | E16: 31-60 Hari | F16: 61-90 Hari | G16: > 90 Hari | H16: Cadangan Dihitung | I16: Cadangan per Buku | J16: Selisih
A17: 1 | C17: =SUM(D17:G17) | H17: =D17*$D$15+E17*$E$15+F17*$F$15+G17*$G$15 | J17: =IF(I17="","",H17-I17)
A18: 2 | C18: =SUM(D18:G18) | H18: =D18*$D$15+E18*$E$15+F18*$F$15+G18*$G$15 | J18: =IF(I18="","",H18-I18)
A19: 3 | C19: =SUM(D19:G19) | H19: =D19*$D$15+E19*$E$15+F19*$F$15+G19*$G$15 | J19: =IF(I19="","",H19-I19)
A20: 4 | C20: =SUM(D20:G20) | H20: =D20*$D$15+E20*$E$15+F20*$F$15+G20*$G$15 | J20: =IF(I20="","",H20-I20)
A21: 5 | C21: =SUM(D21:G21) | H21: =D21*$D$15+E21*$E$15+F21*$F$15+G21*$G$15 | J21: =IF(I21="","",H21-I21)
A22: 6 | C22: =SUM(D22:G22) | H22: =D22*$D$15+E22*$E$15+F22*$F$15+G22*$G$15 | J22: =IF(I22="","",H22-I22)
A23: 7 | C23: =SUM(D23:G23) | H23: =D23*$D$15+E23*$E$15+F23*$F$15+G23*$G$15 | J23: =IF(I23="","",H23-I23)
A24: 8 | C24: =SUM(D24:G24) | H24: =D24*$D$15+E24*$E$15+F24*$F$15+G24*$G$15 | J24: =IF(I24="","",H24-I24)
A25: 9 | C25: =SUM(D25:G25) | H25: =D25*$D$15+E25*$E$15+F25*$F$15+G25*$G$15 | J25: =IF(I25="","",H25-I25)
A26: 10 | C26: =SUM(D26:G26) | H26: =D26*$D$15+E26*$E$15+F26*$F$15+G26*$G$15 | J26: =IF(I26="","",H26-I26)
A27: 11 | C27: =SUM(D27:G27) | H27: =D27*$D$15+E27*$E$15+F27*$F$15+G27*$G$15 | J27: =IF(I27="","",H27-I27)
A28: 12 | C28: =SUM(D28:G28) | H28: =D28*$D$15+E28*$E$15+F28*$F$15+G28*$G$15 | J28: =IF(I28="","",H28-I28)
... A36: 20 | C36: =SUM(D36:G36) | H36: =D36*$D$15+E36*$E$15+F36*$F$15+G36*$G$15 | J36: =IF(I36="","",H36-I36)
B37: Jumlah | C37: =SUM(C17:C36) | D37: =SUM(D17:D36) | E37: =SUM(E17:E36) | F37: =SUM(F17:F36) | G37: =SUM(G17:G36) | H37: =SUM(H17:H36) | I37: =SUM(I17:I36) | J37: =SUM(J17:J36)
A39: Kesimpulan Pengujian

Sheet E.6 Penyesuaian Lain
C1: KAP Dwi Haryadi Nugraha & Rekan
C2: KK Anak E.6 · Penyesuaian Lain | F2: Indeks KK | G2: E.6
C3: Klien | F3: Disusun/Tgl
C4: Periode | D4: 31 Desember 2025 | F4: Direview/Tgl
A6: A. Status dan Hasil Prosedur
A7: Status | C7: Belum | D7: Asersi Dijawab | E7: V Penilaian, P Penyajian dan Pengungkapan
A8: Hasil | D8: Jenis | E8: PSP (Whitepaper)
A9: Ref AJE | D9: Dikerjakan Oleh/Tgl
A11: B. Langkah Kerja
A12: Reviu nota kredit, retur, dan potongan setelah tanggal neraca yang berkaitan dengan penjualan periode berjalan.
A14: C. Pengujian
A15: No | B15: Uraian / Dokumen | C15: Jumlah per Buku | D15: Jumlah per Bukti | E15: Selisih | F15: Tickmark | G15: Keterangan
A16: 1 | E16: =IF(D16="","",D16-C16)
A17: 2 | E17: =IF(D17="","",D17-C17)
A18: 3 | E18: =IF(D18="","",D18-C18)
A19: 4 | E19: =IF(D19="","",D19-C19)
A20: 5 | E20: =IF(D20="","",D20-C20)
A21: 6 | E21: =IF(D21="","",D21-C21)
A22: 7 | E22: =IF(D22="","",D22-C22)
A23: 8 | E23: =IF(D23="","",D23-C23)
A24: 9 | E24: =IF(D24="","",D24-C24)
A25: 10 | E25: =IF(D25="","",D25-C25)
A26: 11 | E26: =IF(D26="","",D26-C26)
A27: 12 | E27: =IF(D27="","",D27-C27)
... A35: 20 | E35: =IF(D35="","",D35-C35)
B36: Jumlah | C36: =SUM(C16:C35) | D36: =SUM(D16:D35) | E36: =SUM(E16:E35)
A38: Kesimpulan Pengujian

Sheet E.7 Piutang Mata Uang Asing
C1: KAP Dwi Haryadi Nugraha & Rekan
C2: KK Anak E.7 · Piutang Mata Uang Asing | F2: Indeks KK | G2: E.7
C3: Klien | F3: Disusun/Tgl
C4: Periode | D4: 31 Desember 2025 | F4: Direview/Tgl
A6: A. Status dan Hasil Prosedur
A7: Status | C7: Belum | D7: Asersi Dijawab | E7: V Penilaian, P Penyajian dan Pengungkapan
A8: Hasil | D8: Jenis | E8: PSP (Whitepaper)
A9: Ref AJE | D9: Dikerjakan Oleh/Tgl
A11: B. Langkah Kerja
A12: Rekalkulasi penjabaran piutang valuta asing dengan kurs per tanggal neraca.
A14: C. Pengujian
A15: No | B15: Uraian / Dokumen | C15: Jumlah per Buku | D15: Jumlah per Bukti | E15: Selisih | F15: Tickmark | G15: Keterangan
A16: 1 | E16: =IF(D16="","",D16-C16)
A17: 2 | E17: =IF(D17="","",D17-C17)
A18: 3 | E18: =IF(D18="","",D18-C18)
A19: 4 | E19: =IF(D19="","",D19-C19)
A20: 5 | E20: =IF(D20="","",D20-C20)
A21: 6 | E21: =IF(D21="","",D21-C21)
A22: 7 | E22: =IF(D22="","",D22-C22)
A23: 8 | E23: =IF(D23="","",D23-C23)
A24: 9 | E24: =IF(D24="","",D24-C24)
A25: 10 | E25: =IF(D25="","",D25-C25)
A26: 11 | E26: =IF(D26="","",D26-C26)
A27: 12 | E27: =IF(D27="","",D27-C27)
... A35: 20 | E35: =IF(D35="","",D35-C35)
B36: Jumlah | C36: =SUM(C16:C35) | D36: =SUM(D16:D35) | E36: =SUM(E16:E35)
A38: Kesimpulan Pengujian

Sheet E.8 Credit & Unusual Balance
C1: KAP Dwi Haryadi Nugraha & Rekan
C2: KK Anak E.8 · Credit & Unusual Balance | F2: Indeks KK | G2: E.8
C3: Klien | F3: Disusun/Tgl
C4: Periode | D4: 31 Desember 2025 | F4: Direview/Tgl
A6: A. Status dan Hasil Prosedur
A7: Status | C7: Belum | D7: Asersi Dijawab | E7: E Keberadaan, C Kelengkapan
A8: Hasil | D8: Jenis | E8: PSP (Whitepaper)
A9: Ref AJE | D9: Dikerjakan Oleh/Tgl
A11: B. Langkah Kerja
A12: Identifikasi saldo kredit, saldo pihak berelasi, dan saldo tidak biasa; reklasifikasi bila perlu.
A14: C. Pengujian
A15: No | B15: Uraian / Dokumen | C15: Jumlah per Buku | D15: Jumlah per Bukti | E15: Selisih | F15: Tickmark | G15: Keterangan
A16: 1 | E16: =IF(D16="","",D16-C16)
A17: 2 | E17: =IF(D17="","",D17-C17)
A18: 3 | E18: =IF(D18="","",D18-C18)
A19: 4 | E19: =IF(D19="","",D19-C19)
A20: 5 | E20: =IF(D20="","",D20-C20)
A21: 6 | E21: =IF(D21="","",D21-C21)
A22: 7 | E22: =IF(D22="","",D22-C22)
A23: 8 | E23: =IF(D23="","",D23-C23)
A24: 9 | E24: =IF(D24="","",D24-C24)
A25: 10 | E25: =IF(D25="","",D25-C25)
A26: 11 | E26: =IF(D26="","",D26-C26)
A27: 12 | E27: =IF(D27="","",D27-C27)
... A35: 20 | E35: =IF(D35="","",D35-C35)
B36: Jumlah | C36: =SUM(C16:C35) | D36: =SUM(D16:D35) | E36: =SUM(E16:E35)
A38: Kesimpulan Pengujian

Sheet E.9 Konfirmasi Piutang (SA 505)
C1: KAP Dwi Haryadi Nugraha & Rekan
C2: KK Anak E.9 · Konfirmasi Piutang (SA 505) | H2: Indeks KK | I2: E.9
C3: Klien | H3: Disusun/Tgl
C4: Periode | D4: 31 Desember 2025 | H4: Direview/Tgl
A6: A. Status dan Hasil Prosedur
A7: Status | C7: Belum | D7: Asersi Dijawab | E7: E Keberadaan, R Hak dan Kewajiban
A8: Hasil | D8: Jenis | E8: Prosedur Tambahan
A9: Ref AJE | D9: Dikerjakan Oleh/Tgl
A11: B. Langkah Kerja
A12: Kirim konfirmasi positif atas sampel saldo; lakukan prosedur alternatif (penerimaan berikutnya, dokumen pengiriman) untuk yang tidak kembali.
A14: C. Pengujian
A15: No | B15: Pihak Dikonfirmasi | C15: Saldo per Buku | D15: Tgl Kirim | E15: Tgl Terima | F15: Saldo per Konfirmasi | G15: Selisih | H15: Penjelasan / Prosedur Alternatif | I15: Tickmark
A16: 1 | G16: =IF(F16="","",F16-C16)
A17: 2 | G17: =IF(F17="","",F17-C17)
A18: 3 | G18: =IF(F18="","",F18-C18)
A19: 4 | G19: =IF(F19="","",F19-C19)
A20: 5 | G20: =IF(F20="","",F20-C20)
A21: 6 | G21: =IF(F21="","",F21-C21)
A22: 7 | G22: =IF(F22="","",F22-C22)
A23: 8 | G23: =IF(F23="","",F23-C23)
A24: 9 | G24: =IF(F24="","",F24-C24)
A25: 10 | G25: =IF(F25="","",F25-C25)
A26: 11 | G26: =IF(F26="","",F26-C26)
A27: 12 | G27: =IF(F27="","",F27-C27)
... A30: 15 | G30: =IF(F30="","",F30-C30)
B31: Jumlah | C31: =SUM(C16:C30) | F31: =SUM(F16:F30) | G31: =SUM(G16:G30)
B32: Konfirmasi Kembali (%) | C32: =IF(COUNTA(B16:B30)=0,"",COUNTA(E16:E30)/COUNTA(B16:B30))
A34: Kesimpulan Pengujian

Sheet Keterangan
C1: KAP Dwi Haryadi Nugraha & Rekan
C2: Keterangan Tickmark dan Kode | E2: Indeks KK | F2: Legend
C3: Klien | E3: Disusun/Tgl
C4: Periode | D4: 31 Desember 2025 | E4: Direview/Tgl
A6: Tickmark
C7: Tanda | D7: Arti
C8: ✓ | D8: Dicocokkan ke dokumen sumber
C9: ^ | D9: Footing (penjumlahan vertikal) benar
C10: < | D10: Cross-footing (penjumlahan horizontal) benar
C11: TB | D11: Cocok dengan neraca saldo
C12: GL | D12: Cocok dengan buku besar
C13: C | D13: Konfirmasi diterima dan sesuai
C14: C/X | D14: Konfirmasi diterima, ada selisih (lihat keterangan)
C15: PY | D15: Cocok dengan kertas kerja tahun lalu
C16: R | D16: Dihitung ulang (rekalkulasi) dan sesuai
C17: O | D17: Diobservasi / dihitung fisik
A19: Kode Jawaban Asersi
C20: Kode | D20: Arti
C21: T | D21: Terpenuhi
C22: T-K | D22: Terpenuhi setelah koreksi (AJE)
C23: TT | D23: Tidak terpenuhi, ada pengecualian yang belum selesai
C24: BD | D24: Belum diuji
C25: n/a | D25: Tidak relevan
A27: Rencana Uji
C28: Kode | D28: Arti
C29: √ | D29: Uji rinci (test of details)
C30: A | D30: Prosedur analitis substantif
C31: - | D31: Tidak diuji (risiko rendah atau tidak relevan)
A33: Sel berwarna kuning muda diisi auditor. Sel lain berisi rumus dan terkunci.
