Workbook

Sheet K Lead
C1: KAP Dwi Haryadi Nugraha & Rekan
C2: KK Induk K · Aset Tetap (Gedung & Peralatan) | I2: Indeks KK | J2: K
C3: Klien | I3: Disusun/Tgl
C4: Periode | D4: 31 Desember 2025 | I4: Direview/Tgl
A6: A. Lead Schedule
A7: PM Final (Rp) | E7: M/TM | F7: =IF($C$7="","",IF(ABS(F17)>=$C$7,"M","TM")) | G7: CRA
A8: Ref | B8: Sub-Akun | C8: 2024 Audit | D8: 2025 per Buku | E8: AJE | F8: 2025 Audit | G8: Naik (Turun) | H8: % | I8: Ref AJE | J8: Ref KK Anak
A9: K-1 | F9: =D9+E9 | G9: =F9-C9 | H9: =IF(C9=0,"",G9/C9)
A10: K-2 | F10: =D10+E10 | G10: =F10-C10 | H10: =IF(C10=0,"",G10/C10)
A11: K-3 | F11: =D11+E11 | G11: =F11-C11 | H11: =IF(C11=0,"",G11/C11)
A12: K-4 | F12: =D12+E12 | G12: =F12-C12 | H12: =IF(C12=0,"",G12/C12)
A13: K-5 | F13: =D13+E13 | G13: =F13-C13 | H13: =IF(C13=0,"",G13/C13)
A14: K-6 | F14: =D14+E14 | G14: =F14-C14 | H14: =IF(C14=0,"",G14/C14)
A15: K-7 | F15: =D15+E15 | G15: =F15-C15 | H15: =IF(C15=0,"",G15/C15)
A16: K-8 | F16: =D16+E16 | G16: =F16-C16 | H16: =IF(C16=0,"",G16/C16)
B17: Jumlah | C17: =SUM(C9:C16) | D17: =SUM(D9:D16) | E17: =SUM(E9:E16) | F17: =SUM(F9:F16) | G17: =SUM(G9:G16) | H17: =IF(C17=0,"",G17/C17)
A19: B. Jawaban Asersi (Otomatis dari Program dan KK Anak)
A20: Kode | B20: Asersi | C20: Dijawab oleh Prosedur | E20: Relevan | F20: Selesai | G20: Pengecualian | H20: Jawaban | I20: Ref AJE | J20: Catatan
A21: E | B21: Keberadaan | C21: K.1, K.2, K.3 | E21: =COUNTIF('K Program'!$D$8:$D$12,"X") | F21: =COUNTIFS('K Program'!$D$8:$D$12,"X",'K Program'!$I$8:$I$12,"Selesai") | G21: =COUNTIFS('K Program'!$D$8:$D$12,"X",'K Program'!$J$8:$J$12,"Pengecualian") | H21: =IF(E21=0,"n/a",IF(G21>0,"TT",IF(F21+COUNTIFS('K Program'!$D$8:$D$12,"X",'K Program'!$I$8:$I$12,"Tidak Relevan")<E21,"BD",IF(F21=0,"n/a",IF(COUNTIFS('K Program'!$D$8:$D$12,"X",'K Program'!$J$8:$J$12,"Koreksi (AJE)")>0,"T-K","T")))))
A22: V | B22: Penilaian | C22: K.1, K.2, K.4, K.5 | E22: =COUNTIF('K Program'!$E$8:$E$12,"X") | F22: =COUNTIFS('K Program'!$E$8:$E$12,"X",'K Program'!$I$8:$I$12,"Selesai") | G22: =COUNTIFS('K Program'!$E$8:$E$12,"X",'K Program'!$J$8:$J$12,"Pengecualian") | H22: =IF(E22=0,"n/a",IF(G22>0,"TT",IF(F22+COUNTIFS('K Program'!$E$8:$E$12,"X",'K Program'!$I$8:$I$12,"Tidak Relevan")<E22,"BD",IF(F22=0,"n/a",IF(COUNTIFS('K Program'!$E$8:$E$12,"X",'K Program'!$J$8:$J$12,"Koreksi (AJE)")>0,"T-K","T")))))
A23: C | B23: Kelengkapan | C23: K.1, K.2, K.3 | E23: =COUNTIF('K Program'!$F$8:$F$12,"X") | F23: =COUNTIFS('K Program'!$F$8:$F$12,"X",'K Program'!$I$8:$I$12,"Selesai") | G23: =COUNTIFS('K Program'!$F$8:$F$12,"X",'K Program'!$J$8:$J$12,"Pengecualian") | H23: =IF(E23=0,"n/a",IF(G23>0,"TT",IF(F23+COUNTIFS('K Program'!$F$8:$F$12,"X",'K Program'!$I$8:$I$12,"Tidak Relevan")<E23,"BD",IF(F23=0,"n/a",IF(COUNTIFS('K Program'!$F$8:$F$12,"X",'K Program'!$J$8:$J$12,"Koreksi (AJE)")>0,"T-K","T")))))
A24: R | B24: Hak dan Kewajiban | C24: K.2 | E24: =COUNTIF('K Program'!$G$8:$G$12,"X") | F24: =COUNTIFS('K Program'!$G$8:$G$12,"X",'K Program'!$I$8:$I$12,"Selesai") | G24: =COUNTIFS('K Program'!$G$8:$G$12,"X",'K Program'!$J$8:$J$12,"Pengecualian") | H24: =IF(E24=0,"n/a",IF(G24>0,"TT",IF(F24+COUNTIFS('K Program'!$G$8:$G$12,"X",'K Program'!$I$8:$I$12,"Tidak Relevan")<E24,"BD",IF(F24=0,"n/a",IF(COUNTIFS('K Program'!$G$8:$G$12,"X",'K Program'!$J$8:$J$12,"Koreksi (AJE)")>0,"T-K","T")))))
A25: P | B25: Penyajian dan Pengungkapan | C25: K.2, K.3 | E25: =COUNTIF('K Program'!$H$8:$H$12,"X") | F25: =COUNTIFS('K Program'!$H$8:$H$12,"X",'K Program'!$I$8:$I$12,"Selesai") | G25: =COUNTIFS('K Program'!$H$8:$H$12,"X",'K Program'!$J$8:$J$12,"Pengecualian") | H25: =IF(E25=0,"n/a",IF(G25>0,"TT",IF(F25+COUNTIFS('K Program'!$H$8:$H$12,"X",'K Program'!$I$8:$I$12,"Tidak Relevan")<E25,"BD",IF(F25=0,"n/a",IF(COUNTIFS('K Program'!$H$8:$H$12,"X",'K Program'!$J$8:$J$12,"Koreksi (AJE)")>0,"T-K","T")))))
A27: C. Kesimpulan Akun
A28: Status | C28: =IF(COUNTIF(H21:H25,"TT")>0,"Belum terpenuhi",IF(COUNTIF(H21:H25,"BD")+COUNTBLANK(H21:H25)>0,"Pengujian belum selesai",IF(COUNTIF(H21:H25,"T-K")>0,"Wajar setelah penyesuaian audit","Wajar, tidak ada salah saji")))
A29: Kesimpulan Auditor | C29: Berdasarkan prosedur audit yang dilaksanakan, saldo aset Tetap (Gedung & Peralatan) per 31 Desember 2025 disajikan wajar dalam semua hal yang material (sesuaikan).
A33: Jawaban: T terpenuhi, T-K terpenuhi setelah koreksi, TT ada pengecualian, BD belum semua prosedur relevan selesai. Hasil akun mengalir ke A-1.

Sheet K Program
C1: KAP Dwi Haryadi Nugraha & Rekan
C2: Program Prosedur Substantif K · Aset Tetap (Gedung & Peralatan) | K2: Indeks KK | L2: K
C3: Klien | K3: Disusun/Tgl
C4: Periode | D4: 31 Desember 2025 | K4: Direview/Tgl
A6: Prosedur Substantif Primer (Whitepaper) dan Prosedur Tambahan
A7: Ref | B7: Prosedur | C7: Jenis | D7: E | E7: V | F7: C | G7: R | H7: P | I7: Status | J7: Hasil | K7: Ref AJE | L7: Sheet KK Anak
A8: K.1 | B8: Kesesuaian Buku Pembantu dengan Buku Besar | C8: PSP | D8: X | E8: X | F8: X | I8: =IF('K.1 Kesesuaian Buku Pembantu'!$C$7="","Belum",'K.1 Kesesuaian Buku Pembantu'!$C$7) | J8: =IF('K.1 Kesesuaian Buku Pembantu'!$C$8="","",'K.1 Kesesuaian Buku Pembantu'!$C$8) | K8: =IF('K.1 Kesesuaian Buku Pembantu'!$C$9="","",'K.1 Kesesuaian Buku Pembantu'!$C$9) | L8: K.1 Kesesuaian Buku Pembantu
A9: K.2 | B9: Penambahan dan Penghapusan | C9: PSP | D9: X | E9: X | F9: X | G9: X | H9: X | I9: =IF('K.2 Penambahan dan Penghapusan'!$C$7="","Belum",'K.2 Penambahan dan Penghapusan'!$C$7) | J9: =IF('K.2 Penambahan dan Penghapusan'!$C$8="","",'K.2 Penambahan dan Penghapusan'!$C$8) | K9: =IF('K.2 Penambahan dan Penghapusan'!$C$9="","",'K.2 Penambahan dan Penghapusan'!$C$9) | L9: K.2 Penambahan dan Penghapusan
A10: K.3 | B10: Sewa, Perbaikan, dan Pemeliharaan | C10: PSP | D10: X | F10: X | H10: X | I10: =IF('K.3 Sewa, Perbaikan, dan'!$C$7="","Belum",'K.3 Sewa, Perbaikan, dan'!$C$7) | J10: =IF('K.3 Sewa, Perbaikan, dan'!$C$8="","",'K.3 Sewa, Perbaikan, dan'!$C$8) | K10: =IF('K.3 Sewa, Perbaikan, dan'!$C$9="","",'K.3 Sewa, Perbaikan, dan'!$C$9) | L10: K.3 Sewa, Perbaikan, dan
A11: K.4 | B11: Penyusutan, Deplesi, dan Amortisasi | C11: PSP | E11: X | I11: =IF('K.4 Penyusutan, Deplesi, dan'!$C$7="","Belum",'K.4 Penyusutan, Deplesi, dan'!$C$7) | J11: =IF('K.4 Penyusutan, Deplesi, dan'!$C$8="","",'K.4 Penyusutan, Deplesi, dan'!$C$8) | K11: =IF('K.4 Penyusutan, Deplesi, dan'!$C$9="","",'K.4 Penyusutan, Deplesi, dan'!$C$9) | L11: K.4 Penyusutan, Deplesi, dan
A12: K.5 | B12: Penurunan Nilai Properti, Pabrik, dan Peralatan | C12: PSP | E12: X | I12: =IF('K.5 Penurunan Nilai Properti,'!$C$7="","Belum",'K.5 Penurunan Nilai Properti,'!$C$7) | J12: =IF('K.5 Penurunan Nilai Properti,'!$C$8="","",'K.5 Penurunan Nilai Properti,'!$C$8) | K12: =IF('K.5 Penurunan Nilai Properti,'!$C$9="","",'K.5 Penurunan Nilai Properti,'!$C$9) | L12: K.5 Penurunan Nilai Properti,
A14: Status dan hasil diisi di sheet KK anak masing-masing prosedur (sel kuning bagian A). Program ini dan jawaban asersi di Lead terisi otomatis.
A15: X = asersi yang dijawab prosedur (whitepaper Asersi dan Prosedur Audit Substantif Primer). Prosedur tambahan merespons risiko gabungan (CRA) dan karakter industri.

Sheet K.1 Kesesuaian Buku Pembantu
C1: KAP Dwi Haryadi Nugraha & Rekan
C2: KK Anak K.1 · Kesesuaian Buku Pembantu dengan Buku Besar | E2: Indeks KK | F2: K.1
C3: Klien | E3: Disusun/Tgl
C4: Periode | D4: 31 Desember 2025 | E4: Direview/Tgl
A6: A. Status dan Hasil Prosedur
A7: Status | C7: Belum | D7: Asersi Dijawab | E7: E Keberadaan, V Penilaian, C Kelengkapan
A8: Hasil | D8: Jenis | E8: PSP (Whitepaper)
A9: Ref AJE | D9: Dikerjakan Oleh/Tgl
A11: B. Langkah Kerja
A12: Cocokkan register aset tetap (harga perolehan dan akumulasi penyusutan) dengan buku besar.
A14: C. Pengujian
A15: No | B15: Uraian | C15: Jumlah | D15: Sumber / Ref | E15: Tickmark | F15: Keterangan
A16: 1 | B16: Saldo Awal (Audit Tahun Lalu)
A17: 2 | B17: Penambahan
A18: 3 | B18: Pengurangan
A19: 4 | B19: Penyesuaian Lain
B20: Saldo Akhir Dihitung | C20: =C16+C17-C18+C19
B21: Saldo Akhir Per Buku
B22: Selisih | C22: =IF(C21="","",C20-C21)
A24: Kesimpulan Pengujian

Sheet K.2 Penambahan dan Penghapusan
C1: KAP Dwi Haryadi Nugraha & Rekan
C2: KK Anak K.2 · Penambahan dan Penghapusan | F2: Indeks KK | G2: K.2
C3: Klien | F3: Disusun/Tgl
C4: Periode | D4: 31 Desember 2025 | F4: Direview/Tgl
A6: A. Status dan Hasil Prosedur
A7: Status | C7: Belum | D7: Asersi Dijawab | E7: E Keberadaan, V Penilaian, C Kelengkapan, R Hak dan Kewajiban, P Penyajian dan Pengungkapan
A8: Hasil | D8: Jenis | E8: PSP (Whitepaper)
A9: Ref AJE | D9: Dikerjakan Oleh/Tgl
A11: B. Langkah Kerja
A12: Vouching sampel penambahan ke faktur, BAST, dan persetujuan capex; uji penghapusan/penjualan dan laba-ruginya; inspeksi fisik sampel.
A14: C. Pengujian
A15: No | B15: Uraian / Dokumen | C15: Jumlah per Buku | D15: Jumlah per Bukti | E15: Selisih | F15: Tickmark | G15: Keterangan
A16: 1 | E16: =IF(D16="","",D16-C16)
A17: 2 | E17: =IF(D17="","",D17-C17)
A18: 3 | E18: =IF(D18="","",D18-C18)
A19: 4 | E19: =IF(D19="","",D19-C19)
A20: 5 | E20: =IF(D20="","",D20-C20)
A21: 6 | E21: =IF(D21="","",D21-C21)
A22: 7 | E22: =IF(D22="","",D22-C22)
A23: 8 | E23: =IF(D23="","",D23-C23)
A24: 9 | E24: =IF(D24="","",D24-C24)
A25: 10 | E25: =IF(D25="","",D25-C25)
A26: 11 | E26: =IF(D26="","",D26-C26)
A27: 12 | E27: =IF(D27="","",D27-C27)
... A35: 20 | E35: =IF(D35="","",D35-C35)
B36: Jumlah | C36: =SUM(C16:C35) | D36: =SUM(D16:D35) | E36: =SUM(E16:E35)
A38: Kesimpulan Pengujian

Sheet K.3 Sewa, Perbaikan, dan
C1: KAP Dwi Haryadi Nugraha & Rekan
C2: KK Anak K.3 · Sewa, Perbaikan, dan Pemeliharaan | F2: Indeks KK | G2: K.3
C3: Klien | F3: Disusun/Tgl
C4: Periode | D4: 31 Desember 2025 | F4: Direview/Tgl
A6: A. Status dan Hasil Prosedur
A7: Status | C7: Belum | D7: Asersi Dijawab | E7: E Keberadaan, C Kelengkapan, P Penyajian dan Pengungkapan
A8: Hasil | D8: Jenis | E8: PSP (Whitepaper)
A9: Ref AJE | D9: Dikerjakan Oleh/Tgl
A11: B. Langkah Kerja
A12: Analisis beban perbaikan dan pemeliharaan untuk pengeluaran yang seharusnya dikapitalisasi; identifikasi sewa (PSAK 116).
A14: C. Pengujian
A15: No | B15: Uraian / Dokumen | C15: Jumlah per Buku | D15: Jumlah per Bukti | E15: Selisih | F15: Tickmark | G15: Keterangan
A16: 1 | E16: =IF(D16="","",D16-C16)
A17: 2 | E17: =IF(D17="","",D17-C17)
A18: 3 | E18: =IF(D18="","",D18-C18)
A19: 4 | E19: =IF(D19="","",D19-C19)
A20: 5 | E20: =IF(D20="","",D20-C20)
A21: 6 | E21: =IF(D21="","",D21-C21)
A22: 7 | E22: =IF(D22="","",D22-C22)
A23: 8 | E23: =IF(D23="","",D23-C23)
A24: 9 | E24: =IF(D24="","",D24-C24)
A25: 10 | E25: =IF(D25="","",D25-C25)
A26: 11 | E26: =IF(D26="","",D26-C26)
A27: 12 | E27: =IF(D27="","",D27-C27)
... A35: 20 | E35: =IF(D35="","",D35-C35)
B36: Jumlah | C36: =SUM(C16:C35) | D36: =SUM(D16:D35) | E36: =SUM(E16:E35)
A38: Kesimpulan Pengujian

Sheet K.4 Penyusutan, Deplesi, dan
C1: KAP Dwi Haryadi Nugraha & Rekan
C2: KK Anak K.4 · Penyusutan, Deplesi, dan Amortisasi | I2: Indeks KK | J2: K.4
C3: Klien | I3: Disusun/Tgl
C4: Periode | D4: 31 Desember 2025 | I4: Direview/Tgl
A6: A. Status dan Hasil Prosedur
A7: Status | C7: Belum | D7: Asersi Dijawab | E7: V Penilaian
A8: Hasil | D8: Jenis | E8: PSP (Whitepaper)
A9: Ref AJE | D9: Dikerjakan Oleh/Tgl
A11: B. Langkah Kerja
A12: Rekalkulasi penyusutan berdasarkan umur manfaat, metode, dan nilai sisa yang ditetapkan.
A14: C. Pengujian
A15: No | B15: Nama Aset | C15: Kelompok | D15: Tgl Perolehan | E15: Harga Perolehan | F15: Umur (Tahun) | G15: Bulan Pakai Tahun Ini | H15: Penyusutan Dihitung | I15: Penyusutan per Buku | J15: Selisih
A16: 1 | H16: =IF(OR(E16="",F16="",G16=""),"",E16/F16/12*G16) | J16: =IF(OR(H16="",I16=""),"",H16-I16)
A17: 2 | H17: =IF(OR(E17="",F17="",G17=""),"",E17/F17/12*G17) | J17: =IF(OR(H17="",I17=""),"",H17-I17)
A18: 3 | H18: =IF(OR(E18="",F18="",G18=""),"",E18/F18/12*G18) | J18: =IF(OR(H18="",I18=""),"",H18-I18)
A19: 4 | H19: =IF(OR(E19="",F19="",G19=""),"",E19/F19/12*G19) | J19: =IF(OR(H19="",I19=""),"",H19-I19)
A20: 5 | H20: =IF(OR(E20="",F20="",G20=""),"",E20/F20/12*G20) | J20: =IF(OR(H20="",I20=""),"",H20-I20)
A21: 6 | H21: =IF(OR(E21="",F21="",G21=""),"",E21/F21/12*G21) | J21: =IF(OR(H21="",I21=""),"",H21-I21)
A22: 7 | H22: =IF(OR(E22="",F22="",G22=""),"",E22/F22/12*G22) | J22: =IF(OR(H22="",I22=""),"",H22-I22)
A23: 8 | H23: =IF(OR(E23="",F23="",G23=""),"",E23/F23/12*G23) | J23: =IF(OR(H23="",I23=""),"",H23-I23)
A24: 9 | H24: =IF(OR(E24="",F24="",G24=""),"",E24/F24/12*G24) | J24: =IF(OR(H24="",I24=""),"",H24-I24)
A25: 10 | H25: =IF(OR(E25="",F25="",G25=""),"",E25/F25/12*G25) | J25: =IF(OR(H25="",I25=""),"",H25-I25)
A26: 11 | H26: =IF(OR(E26="",F26="",G26=""),"",E26/F26/12*G26) | J26: =IF(OR(H26="",I26=""),"",H26-I26)
A27: 12 | H27: =IF(OR(E27="",F27="",G27=""),"",E27/F27/12*G27) | J27: =IF(OR(H27="",I27=""),"",H27-I27)
... A35: 20 | H35: =IF(OR(E35="",F35="",G35=""),"",E35/F35/12*G35) | J35: =IF(OR(H35="",I35=""),"",H35-I35)
B36: Jumlah | E36: =SUM(E16:E35) | H36: =SUM(H16:H35) | I36: =SUM(I16:I35) | J36: =SUM(J16:J35)
A38: Kesimpulan Pengujian

Sheet K.5 Penurunan Nilai Properti,
C1: KAP Dwi Haryadi Nugraha & Rekan
C2: KK Anak K.5 · Penurunan Nilai Properti, Pabrik, dan Peralatan | F2: Indeks KK | G2: K.5
C3: Klien | F3: Disusun/Tgl
C4: Periode | D4: 31 Desember 2025 | F4: Direview/Tgl
A6: A. Status dan Hasil Prosedur
A7: Status | C7: Belum | D7: Asersi Dijawab | E7: V Penilaian
A8: Hasil | D8: Jenis | E8: PSP (Whitepaper)
A9: Ref AJE | D9: Dikerjakan Oleh/Tgl
A11: B. Langkah Kerja
A12: Evaluasi indikasi penurunan nilai (PSAK 236) dan uji jumlah terpulihkan bila ada indikasi.
A14: C. Pengujian
A15: No | B15: Uraian / Dokumen | C15: Jumlah per Buku | D15: Jumlah per Bukti | E15: Selisih | F15: Tickmark | G15: Keterangan
A16: 1 | E16: =IF(D16="","",D16-C16)
A17: 2 | E17: =IF(D17="","",D17-C17)
A18: 3 | E18: =IF(D18="","",D18-C18)
A19: 4 | E19: =IF(D19="","",D19-C19)
A20: 5 | E20: =IF(D20="","",D20-C20)
A21: 6 | E21: =IF(D21="","",D21-C21)
A22: 7 | E22: =IF(D22="","",D22-C22)
A23: 8 | E23: =IF(D23="","",D23-C23)
A24: 9 | E24: =IF(D24="","",D24-C24)
A25: 10 | E25: =IF(D25="","",D25-C25)
A26: 11 | E26: =IF(D26="","",D26-C26)
A27: 12 | E27: =IF(D27="","",D27-C27)
... A35: 20 | E35: =IF(D35="","",D35-C35)
B36: Jumlah | C36: =SUM(C16:C35) | D36: =SUM(D16:D35) | E36: =SUM(E16:E35)
A38: Kesimpulan Pengujian

Sheet Keterangan
C1: KAP Dwi Haryadi Nugraha & Rekan
C2: Keterangan Tickmark dan Kode | E2: Indeks KK | F2: Legend
C3: Klien | E3: Disusun/Tgl
C4: Periode | D4: 31 Desember 2025 | E4: Direview/Tgl
A6: Tickmark
C7: Tanda | D7: Arti
C8: ✓ | D8: Dicocokkan ke dokumen sumber
C9: ^ | D9: Footing (penjumlahan vertikal) benar
C10: < | D10: Cross-footing (penjumlahan horizontal) benar
C11: TB | D11: Cocok dengan neraca saldo
C12: GL | D12: Cocok dengan buku besar
C13: C | D13: Konfirmasi diterima dan sesuai
C14: C/X | D14: Konfirmasi diterima, ada selisih (lihat keterangan)
C15: PY | D15: Cocok dengan kertas kerja tahun lalu
C16: R | D16: Dihitung ulang (rekalkulasi) dan sesuai
C17: O | D17: Diobservasi / dihitung fisik
A19: Kode Jawaban Asersi
C20: Kode | D20: Arti
C21: T | D21: Terpenuhi
C22: T-K | D22: Terpenuhi setelah koreksi (AJE)
C23: TT | D23: Tidak terpenuhi, ada pengecualian yang belum selesai
C24: BD | D24: Belum diuji
C25: n/a | D25: Tidak relevan
A27: Rencana Uji
C28: Kode | D28: Arti
C29: √ | D29: Uji rinci (test of details)
C30: A | D30: Prosedur analitis substantif
C31: - | D31: Tidak diuji (risiko rendah atau tidak relevan)
A33: Sel berwarna kuning muda diisi auditor. Sel lain berisi rumus dan terkunci.
