Workbook

Sheet N Lead
C1: KAP Dwi Haryadi Nugraha & Rekan
C2: KK Induk N · Utang Usaha | I2: Indeks KK | J2: N
C3: Klien | I3: Disusun/Tgl
C4: Periode | D4: 31 Desember 2025 | I4: Direview/Tgl
A6: A. Lead Schedule
A7: PM Final (Rp) | E7: M/TM | F7: =IF($C$7="","",IF(ABS(F17)>=$C$7,"M","TM")) | G7: CRA
A8: Ref | B8: Sub-Akun | C8: 2024 Audit | D8: 2025 per Buku | E8: AJE | F8: 2025 Audit | G8: Naik (Turun) | H8: % | I8: Ref AJE | J8: Ref KK Anak
A9: N-1 | F9: =D9+E9 | G9: =F9-C9 | H9: =IF(C9=0,"",G9/C9)
A10: N-2 | F10: =D10+E10 | G10: =F10-C10 | H10: =IF(C10=0,"",G10/C10)
A11: N-3 | F11: =D11+E11 | G11: =F11-C11 | H11: =IF(C11=0,"",G11/C11)
A12: N-4 | F12: =D12+E12 | G12: =F12-C12 | H12: =IF(C12=0,"",G12/C12)
A13: N-5 | F13: =D13+E13 | G13: =F13-C13 | H13: =IF(C13=0,"",G13/C13)
A14: N-6 | F14: =D14+E14 | G14: =F14-C14 | H14: =IF(C14=0,"",G14/C14)
A15: N-7 | F15: =D15+E15 | G15: =F15-C15 | H15: =IF(C15=0,"",G15/C15)
A16: N-8 | F16: =D16+E16 | G16: =F16-C16 | H16: =IF(C16=0,"",G16/C16)
B17: Jumlah | C17: =SUM(C9:C16) | D17: =SUM(D9:D16) | E17: =SUM(E9:E16) | F17: =SUM(F9:F16) | G17: =SUM(G9:G16) | H17: =IF(C17=0,"",G17/C17)
A19: B. Jawaban Asersi (Otomatis dari Program dan KK Anak)
A20: Kode | B20: Asersi | C20: Dijawab oleh Prosedur | E20: Relevan | F20: Selesai | G20: Pengecualian | H20: Jawaban | I20: Ref AJE | J20: Catatan
A21: E | B21: Keberadaan | C21: N.1, N.2, N.3 | E21: =COUNTIF('N Program'!$D$8:$D$13,"X") | F21: =COUNTIFS('N Program'!$D$8:$D$13,"X",'N Program'!$I$8:$I$13,"Selesai") | G21: =COUNTIFS('N Program'!$D$8:$D$13,"X",'N Program'!$J$8:$J$13,"Pengecualian") | H21: =IF(E21=0,"n/a",IF(G21>0,"TT",IF(F21+COUNTIFS('N Program'!$D$8:$D$13,"X",'N Program'!$I$8:$I$13,"Tidak Relevan")<E21,"BD",IF(F21=0,"n/a",IF(COUNTIFS('N Program'!$D$8:$D$13,"X",'N Program'!$J$8:$J$13,"Koreksi (AJE)")>0,"T-K","T")))))
A22: V | B22: Penilaian | C22: N.2, N.4, N.6 | E22: =COUNTIF('N Program'!$E$8:$E$13,"X") | F22: =COUNTIFS('N Program'!$E$8:$E$13,"X",'N Program'!$I$8:$I$13,"Selesai") | G22: =COUNTIFS('N Program'!$E$8:$E$13,"X",'N Program'!$J$8:$J$13,"Pengecualian") | H22: =IF(E22=0,"n/a",IF(G22>0,"TT",IF(F22+COUNTIFS('N Program'!$E$8:$E$13,"X",'N Program'!$I$8:$I$13,"Tidak Relevan")<E22,"BD",IF(F22=0,"n/a",IF(COUNTIFS('N Program'!$E$8:$E$13,"X",'N Program'!$J$8:$J$13,"Koreksi (AJE)")>0,"T-K","T")))))
A23: C | B23: Kelengkapan | C23: N.1, N.2, N.3, N.4, N.5 | E23: =COUNTIF('N Program'!$F$8:$F$13,"X") | F23: =COUNTIFS('N Program'!$F$8:$F$13,"X",'N Program'!$I$8:$I$13,"Selesai") | G23: =COUNTIFS('N Program'!$F$8:$F$13,"X",'N Program'!$J$8:$J$13,"Pengecualian") | H23: =IF(E23=0,"n/a",IF(G23>0,"TT",IF(F23+COUNTIFS('N Program'!$F$8:$F$13,"X",'N Program'!$I$8:$I$13,"Tidak Relevan")<E23,"BD",IF(F23=0,"n/a",IF(COUNTIFS('N Program'!$F$8:$F$13,"X",'N Program'!$J$8:$J$13,"Koreksi (AJE)")>0,"T-K","T")))))
A24: R | B24: Hak dan Kewajiban | C24: N.2, N.3 | E24: =COUNTIF('N Program'!$G$8:$G$13,"X") | F24: =COUNTIFS('N Program'!$G$8:$G$13,"X",'N Program'!$I$8:$I$13,"Selesai") | G24: =COUNTIFS('N Program'!$G$8:$G$13,"X",'N Program'!$J$8:$J$13,"Pengecualian") | H24: =IF(E24=0,"n/a",IF(G24>0,"TT",IF(F24+COUNTIFS('N Program'!$G$8:$G$13,"X",'N Program'!$I$8:$I$13,"Tidak Relevan")<E24,"BD",IF(F24=0,"n/a",IF(COUNTIFS('N Program'!$G$8:$G$13,"X",'N Program'!$J$8:$J$13,"Koreksi (AJE)")>0,"T-K","T")))))
A25: P | B25: Penyajian dan Pengungkapan | C25: N.2 | E25: =COUNTIF('N Program'!$H$8:$H$13,"X") | F25: =COUNTIFS('N Program'!$H$8:$H$13,"X",'N Program'!$I$8:$I$13,"Selesai") | G25: =COUNTIFS('N Program'!$H$8:$H$13,"X",'N Program'!$J$8:$J$13,"Pengecualian") | H25: =IF(E25=0,"n/a",IF(G25>0,"TT",IF(F25+COUNTIFS('N Program'!$H$8:$H$13,"X",'N Program'!$I$8:$I$13,"Tidak Relevan")<E25,"BD",IF(F25=0,"n/a",IF(COUNTIFS('N Program'!$H$8:$H$13,"X",'N Program'!$J$8:$J$13,"Koreksi (AJE)")>0,"T-K","T")))))
A27: C. Kesimpulan Akun
A28: Status | C28: =IF(COUNTIF(H21:H25,"TT")>0,"Belum terpenuhi",IF(COUNTIF(H21:H25,"BD")+COUNTBLANK(H21:H25)>0,"Pengujian belum selesai",IF(COUNTIF(H21:H25,"T-K")>0,"Wajar setelah penyesuaian audit","Wajar, tidak ada salah saji")))
A29: Kesimpulan Auditor | C29: Berdasarkan prosedur audit yang dilaksanakan, saldo utang Usaha per 31 Desember 2025 disajikan wajar dalam semua hal yang material (sesuaikan).
A33: Jawaban: T terpenuhi, T-K terpenuhi setelah koreksi, TT ada pengecualian, BD belum semua prosedur relevan selesai. Hasil akun mengalir ke A-1.

Sheet N Program
C1: KAP Dwi Haryadi Nugraha & Rekan
C2: Program Prosedur Substantif N · Utang Usaha | K2: Indeks KK | L2: N
C3: Klien | K3: Disusun/Tgl
C4: Periode | D4: 31 Desember 2025 | K4: Direview/Tgl
A6: Prosedur Substantif Primer (Whitepaper) dan Prosedur Tambahan
A7: Ref | B7: Prosedur | C7: Jenis | D7: E | E7: V | F7: C | G7: R | H7: P | I7: Status | J7: Hasil | K7: Ref AJE | L7: Sheet KK Anak
A8: N.1 | B8: Kesesuaian Buku Pembantu dengan Buku Besar | C8: PSP | D8: X | F8: X | I8: =IF('N.1 Kesesuaian Buku Pembantu'!$C$7="","Belum",'N.1 Kesesuaian Buku Pembantu'!$C$7) | J8: =IF('N.1 Kesesuaian Buku Pembantu'!$C$8="","",'N.1 Kesesuaian Buku Pembantu'!$C$8) | K8: =IF('N.1 Kesesuaian Buku Pembantu'!$C$9="","",'N.1 Kesesuaian Buku Pembantu'!$C$9) | L8: N.1 Kesesuaian Buku Pembantu
A9: N.2 | B9: Tinjauan Item yang Tidak Biasa | C9: PSP | D9: X | E9: X | F9: X | G9: X | H9: X | I9: =IF('N.2 Tinjauan Item yang Tidak'!$C$7="","Belum",'N.2 Tinjauan Item yang Tidak'!$C$7) | J9: =IF('N.2 Tinjauan Item yang Tidak'!$C$8="","",'N.2 Tinjauan Item yang Tidak'!$C$8) | K9: =IF('N.2 Tinjauan Item yang Tidak'!$C$9="","",'N.2 Tinjauan Item yang Tidak'!$C$9) | L9: N.2 Tinjauan Item yang Tidak
A10: N.3 | B10: Cutoff Utang Usaha | C10: PSP | D10: X | F10: X | G10: X | I10: =IF('N.3 Cutoff Utang Usaha'!$C$7="","Belum",'N.3 Cutoff Utang Usaha'!$C$7) | J10: =IF('N.3 Cutoff Utang Usaha'!$C$8="","",'N.3 Cutoff Utang Usaha'!$C$8) | K10: =IF('N.3 Cutoff Utang Usaha'!$C$9="","",'N.3 Cutoff Utang Usaha'!$C$9) | L10: N.3 Cutoff Utang Usaha
A11: N.4 | B11: Pencarian Kewajiban yang Belum Tercatat | C11: PSP | E11: X | F11: X | I11: =IF('N.4 Pencarian Kewajiban yang'!$C$7="","Belum",'N.4 Pencarian Kewajiban yang'!$C$7) | J11: =IF('N.4 Pencarian Kewajiban yang'!$C$8="","",'N.4 Pencarian Kewajiban yang'!$C$8) | K11: =IF('N.4 Pencarian Kewajiban yang'!$C$9="","",'N.4 Pencarian Kewajiban yang'!$C$9) | L11: N.4 Pencarian Kewajiban yang
A12: N.5 | B12: Analisis Saldo Pemasok | C12: PSP | F12: X | I12: =IF('N.5 Analisis Saldo Pemasok'!$C$7="","Belum",'N.5 Analisis Saldo Pemasok'!$C$7) | J12: =IF('N.5 Analisis Saldo Pemasok'!$C$8="","",'N.5 Analisis Saldo Pemasok'!$C$8) | K12: =IF('N.5 Analisis Saldo Pemasok'!$C$9="","",'N.5 Analisis Saldo Pemasok'!$C$9) | L12: N.5 Analisis Saldo Pemasok
A13: N.6 | B13: Penilaian Utang Usaha dalam Mata Uang Asing | C13: PSP | E13: X | I13: =IF('N.6 Penilaian Utang Usaha'!$C$7="","Belum",'N.6 Penilaian Utang Usaha'!$C$7) | J13: =IF('N.6 Penilaian Utang Usaha'!$C$8="","",'N.6 Penilaian Utang Usaha'!$C$8) | K13: =IF('N.6 Penilaian Utang Usaha'!$C$9="","",'N.6 Penilaian Utang Usaha'!$C$9) | L13: N.6 Penilaian Utang Usaha
A15: Status dan hasil diisi di sheet KK anak masing-masing prosedur (sel kuning bagian A). Program ini dan jawaban asersi di Lead terisi otomatis.
A16: X = asersi yang dijawab prosedur (whitepaper Asersi dan Prosedur Audit Substantif Primer). Prosedur tambahan merespons risiko gabungan (CRA) dan karakter industri.

Sheet N.1 Kesesuaian Buku Pembantu
C1: KAP Dwi Haryadi Nugraha & Rekan
C2: KK Anak N.1 · Kesesuaian Buku Pembantu dengan Buku Besar | F2: Indeks KK | G2: N.1
C3: Klien | F3: Disusun/Tgl
C4: Periode | D4: 31 Desember 2025 | F4: Direview/Tgl
A6: A. Status dan Hasil Prosedur
A7: Status | C7: Belum | D7: Asersi Dijawab | E7: E Keberadaan, C Kelengkapan
A8: Hasil | D8: Jenis | E8: PSP (Whitepaper)
A9: Ref AJE | D9: Dikerjakan Oleh/Tgl
A11: B. Langkah Kerja
A12: Footing rincian utang per pemasok dan cocokkan dengan buku besar.
A14: C. Pengujian
A15: No | B15: Uraian / Dokumen | C15: Jumlah per Buku | D15: Jumlah per Bukti | E15: Selisih | F15: Tickmark | G15: Keterangan
A16: 1 | E16: =IF(D16="","",D16-C16)
A17: 2 | E17: =IF(D17="","",D17-C17)
A18: 3 | E18: =IF(D18="","",D18-C18)
A19: 4 | E19: =IF(D19="","",D19-C19)
A20: 5 | E20: =IF(D20="","",D20-C20)
A21: 6 | E21: =IF(D21="","",D21-C21)
A22: 7 | E22: =IF(D22="","",D22-C22)
A23: 8 | E23: =IF(D23="","",D23-C23)
A24: 9 | E24: =IF(D24="","",D24-C24)
A25: 10 | E25: =IF(D25="","",D25-C25)
A26: 11 | E26: =IF(D26="","",D26-C26)
A27: 12 | E27: =IF(D27="","",D27-C27)
... A35: 20 | E35: =IF(D35="","",D35-C35)
B36: Jumlah | C36: =SUM(C16:C35) | D36: =SUM(D16:D35) | E36: =SUM(E16:E35)
A38: Kesimpulan Pengujian

Sheet N.2 Tinjauan Item yang Tidak
C1: KAP Dwi Haryadi Nugraha & Rekan
C2: KK Anak N.2 · Tinjauan Item yang Tidak Biasa | F2: Indeks KK | G2: N.2
C3: Klien | F3: Disusun/Tgl
C4: Periode | D4: 31 Desember 2025 | F4: Direview/Tgl
A6: A. Status dan Hasil Prosedur
A7: Status | C7: Belum | D7: Asersi Dijawab | E7: E Keberadaan, V Penilaian, C Kelengkapan, R Hak dan Kewajiban, P Penyajian dan Pengungkapan
A8: Hasil | D8: Jenis | E8: PSP (Whitepaper)
A9: Ref AJE | D9: Dikerjakan Oleh/Tgl
A11: B. Langkah Kerja
A12: Reviu saldo debit, saldo pihak berelasi, dan saldo tidak bergerak; selidiki penyebabnya.
A14: C. Pengujian
A15: No | B15: Uraian / Dokumen | C15: Jumlah per Buku | D15: Jumlah per Bukti | E15: Selisih | F15: Tickmark | G15: Keterangan
A16: 1 | E16: =IF(D16="","",D16-C16)
A17: 2 | E17: =IF(D17="","",D17-C17)
A18: 3 | E18: =IF(D18="","",D18-C18)
A19: 4 | E19: =IF(D19="","",D19-C19)
A20: 5 | E20: =IF(D20="","",D20-C20)
A21: 6 | E21: =IF(D21="","",D21-C21)
A22: 7 | E22: =IF(D22="","",D22-C22)
A23: 8 | E23: =IF(D23="","",D23-C23)
A24: 9 | E24: =IF(D24="","",D24-C24)
A25: 10 | E25: =IF(D25="","",D25-C25)
A26: 11 | E26: =IF(D26="","",D26-C26)
A27: 12 | E27: =IF(D27="","",D27-C27)
... A35: 20 | E35: =IF(D35="","",D35-C35)
B36: Jumlah | C36: =SUM(C16:C35) | D36: =SUM(D16:D35) | E36: =SUM(E16:E35)
A38: Kesimpulan Pengujian

Sheet N.3 Cutoff Utang Usaha
C1: KAP Dwi Haryadi Nugraha & Rekan
C2: KK Anak N.3 · Cutoff Utang Usaha | H2: Indeks KK | I2: N.3
C3: Klien | H3: Disusun/Tgl
C4: Periode | D4: 31 Desember 2025 | H4: Direview/Tgl
A6: A. Status dan Hasil Prosedur
A7: Status | C7: Belum | D7: Asersi Dijawab | E7: E Keberadaan, C Kelengkapan, R Hak dan Kewajiban
A8: Hasil | D8: Jenis | E8: PSP (Whitepaper)
A9: Ref AJE | D9: Dikerjakan Oleh/Tgl
A11: B. Langkah Kerja
A12: Uji penerimaan barang/jasa sekitar tanggal neraca dan pencatatan utangnya.
A14: C. Pengujian
A15: No | B15: Tanggal | C15: No. Dokumen | D15: Uraian | E15: Nilai | F15: Dicatat Periode | G15: Seharusnya Periode | H15: Hasil | I15: Keterangan
A16: 1 | H16: =IF(OR(F16="",G16=""),"",IF(F16=G16,"Sesuai","Salah Saji"))
A17: 2 | H17: =IF(OR(F17="",G17=""),"",IF(F17=G17,"Sesuai","Salah Saji"))
A18: 3 | H18: =IF(OR(F18="",G18=""),"",IF(F18=G18,"Sesuai","Salah Saji"))
A19: 4 | H19: =IF(OR(F19="",G19=""),"",IF(F19=G19,"Sesuai","Salah Saji"))
A20: 5 | H20: =IF(OR(F20="",G20=""),"",IF(F20=G20,"Sesuai","Salah Saji"))
A21: 6 | H21: =IF(OR(F21="",G21=""),"",IF(F21=G21,"Sesuai","Salah Saji"))
A22: 7 | H22: =IF(OR(F22="",G22=""),"",IF(F22=G22,"Sesuai","Salah Saji"))
A23: 8 | H23: =IF(OR(F23="",G23=""),"",IF(F23=G23,"Sesuai","Salah Saji"))
A24: 9 | H24: =IF(OR(F24="",G24=""),"",IF(F24=G24,"Sesuai","Salah Saji"))
A25: 10 | H25: =IF(OR(F25="",G25=""),"",IF(F25=G25,"Sesuai","Salah Saji"))
A26: 11 | H26: =IF(OR(F26="",G26=""),"",IF(F26=G26,"Sesuai","Salah Saji"))
A27: 12 | H27: =IF(OR(F27="",G27=""),"",IF(F27=G27,"Sesuai","Salah Saji"))
... A35: 20 | H35: =IF(OR(F35="",G35=""),"",IF(F35=G35,"Sesuai","Salah Saji"))
D36: Jumlah Salah Saji Pisah Batas | E36: =SUMIF(H16:H35,"Salah Saji",E16:E35)
A38: Kesimpulan Pengujian

Sheet N.4 Pencarian Kewajiban yang
C1: KAP Dwi Haryadi Nugraha & Rekan
C2: KK Anak N.4 · Pencarian Kewajiban yang Belum Tercatat | F2: Indeks KK | G2: N.4
C3: Klien | F3: Disusun/Tgl
C4: Periode | D4: 31 Desember 2025 | F4: Direview/Tgl
A6: A. Status dan Hasil Prosedur
A7: Status | C7: Belum | D7: Asersi Dijawab | E7: V Penilaian, C Kelengkapan
A8: Hasil | D8: Jenis | E8: PSP (Whitepaper)
A9: Ref AJE | D9: Dikerjakan Oleh/Tgl
A11: B. Langkah Kerja
A12: Telusuri pembayaran dan tagihan setelah tanggal neraca untuk liabilitas yang seharusnya dicatat per tanggal neraca.
A14: C. Pengujian
A15: No | B15: Uraian / Dokumen | C15: Jumlah per Buku | D15: Jumlah per Bukti | E15: Selisih | F15: Tickmark | G15: Keterangan
A16: 1 | E16: =IF(D16="","",D16-C16)
A17: 2 | E17: =IF(D17="","",D17-C17)
A18: 3 | E18: =IF(D18="","",D18-C18)
A19: 4 | E19: =IF(D19="","",D19-C19)
A20: 5 | E20: =IF(D20="","",D20-C20)
A21: 6 | E21: =IF(D21="","",D21-C21)
A22: 7 | E22: =IF(D22="","",D22-C22)
A23: 8 | E23: =IF(D23="","",D23-C23)
A24: 9 | E24: =IF(D24="","",D24-C24)
A25: 10 | E25: =IF(D25="","",D25-C25)
A26: 11 | E26: =IF(D26="","",D26-C26)
A27: 12 | E27: =IF(D27="","",D27-C27)
... A35: 20 | E35: =IF(D35="","",D35-C35)
B36: Jumlah | C36: =SUM(C16:C35) | D36: =SUM(D16:D35) | E36: =SUM(E16:E35)
A38: Kesimpulan Pengujian

Sheet N.5 Analisis Saldo Pemasok
C1: KAP Dwi Haryadi Nugraha & Rekan
C2: KK Anak N.5 · Analisis Saldo Pemasok | H2: Indeks KK | I2: N.5
C3: Klien | H3: Disusun/Tgl
C4: Periode | D4: 31 Desember 2025 | H4: Direview/Tgl
A6: A. Status dan Hasil Prosedur
A7: Status | C7: Belum | D7: Asersi Dijawab | E7: C Kelengkapan
A8: Hasil | D8: Jenis | E8: PSP (Whitepaper)
A9: Ref AJE | D9: Dikerjakan Oleh/Tgl
A11: B. Langkah Kerja
A12: Rekonsiliasi saldo dengan laporan pemasok (statement) atau konfirmasi pemasok utama, termasuk saldo nol.
A14: C. Pengujian
A15: No | B15: Pihak Dikonfirmasi | C15: Saldo per Buku | D15: Tgl Kirim | E15: Tgl Terima | F15: Saldo per Konfirmasi | G15: Selisih | H15: Penjelasan / Prosedur Alternatif | I15: Tickmark
A16: 1 | G16: =IF(F16="","",F16-C16)
A17: 2 | G17: =IF(F17="","",F17-C17)
A18: 3 | G18: =IF(F18="","",F18-C18)
A19: 4 | G19: =IF(F19="","",F19-C19)
A20: 5 | G20: =IF(F20="","",F20-C20)
A21: 6 | G21: =IF(F21="","",F21-C21)
A22: 7 | G22: =IF(F22="","",F22-C22)
A23: 8 | G23: =IF(F23="","",F23-C23)
A24: 9 | G24: =IF(F24="","",F24-C24)
A25: 10 | G25: =IF(F25="","",F25-C25)
A26: 11 | G26: =IF(F26="","",F26-C26)
A27: 12 | G27: =IF(F27="","",F27-C27)
... A30: 15 | G30: =IF(F30="","",F30-C30)
B31: Jumlah | C31: =SUM(C16:C30) | F31: =SUM(F16:F30) | G31: =SUM(G16:G30)
B32: Konfirmasi Kembali (%) | C32: =IF(COUNTA(B16:B30)=0,"",COUNTA(E16:E30)/COUNTA(B16:B30))
A34: Kesimpulan Pengujian

Sheet N.6 Penilaian Utang Usaha
C1: KAP Dwi Haryadi Nugraha & Rekan
C2: KK Anak N.6 · Penilaian Utang Usaha dalam Mata Uang Asing | F2: Indeks KK | G2: N.6
C3: Klien | F3: Disusun/Tgl
C4: Periode | D4: 31 Desember 2025 | F4: Direview/Tgl
A6: A. Status dan Hasil Prosedur
A7: Status | C7: Belum | D7: Asersi Dijawab | E7: V Penilaian
A8: Hasil | D8: Jenis | E8: PSP (Whitepaper)
A9: Ref AJE | D9: Dikerjakan Oleh/Tgl
A11: B. Langkah Kerja
A12: Rekalkulasi penjabaran utang valuta asing dengan kurs per tanggal neraca.
A14: C. Pengujian
A15: No | B15: Uraian / Dokumen | C15: Jumlah per Buku | D15: Jumlah per Bukti | E15: Selisih | F15: Tickmark | G15: Keterangan
A16: 1 | E16: =IF(D16="","",D16-C16)
A17: 2 | E17: =IF(D17="","",D17-C17)
A18: 3 | E18: =IF(D18="","",D18-C18)
A19: 4 | E19: =IF(D19="","",D19-C19)
A20: 5 | E20: =IF(D20="","",D20-C20)
A21: 6 | E21: =IF(D21="","",D21-C21)
A22: 7 | E22: =IF(D22="","",D22-C22)
A23: 8 | E23: =IF(D23="","",D23-C23)
A24: 9 | E24: =IF(D24="","",D24-C24)
A25: 10 | E25: =IF(D25="","",D25-C25)
A26: 11 | E26: =IF(D26="","",D26-C26)
A27: 12 | E27: =IF(D27="","",D27-C27)
... A35: 20 | E35: =IF(D35="","",D35-C35)
B36: Jumlah | C36: =SUM(C16:C35) | D36: =SUM(D16:D35) | E36: =SUM(E16:E35)
A38: Kesimpulan Pengujian

Sheet Keterangan
C1: KAP Dwi Haryadi Nugraha & Rekan
C2: Keterangan Tickmark dan Kode | E2: Indeks KK | F2: Legend
C3: Klien | E3: Disusun/Tgl
C4: Periode | D4: 31 Desember 2025 | E4: Direview/Tgl
A6: Tickmark
C7: Tanda | D7: Arti
C8: ✓ | D8: Dicocokkan ke dokumen sumber
C9: ^ | D9: Footing (penjumlahan vertikal) benar
C10: < | D10: Cross-footing (penjumlahan horizontal) benar
C11: TB | D11: Cocok dengan neraca saldo
C12: GL | D12: Cocok dengan buku besar
C13: C | D13: Konfirmasi diterima dan sesuai
C14: C/X | D14: Konfirmasi diterima, ada selisih (lihat keterangan)
C15: PY | D15: Cocok dengan kertas kerja tahun lalu
C16: R | D16: Dihitung ulang (rekalkulasi) dan sesuai
C17: O | D17: Diobservasi / dihitung fisik
A19: Kode Jawaban Asersi
C20: Kode | D20: Arti
C21: T | D21: Terpenuhi
C22: T-K | D22: Terpenuhi setelah koreksi (AJE)
C23: TT | D23: Tidak terpenuhi, ada pengecualian yang belum selesai
C24: BD | D24: Belum diuji
C25: n/a | D25: Tidak relevan
A27: Rencana Uji
C28: Kode | D28: Arti
C29: √ | D29: Uji rinci (test of details)
C30: A | D30: Prosedur analitis substantif
C31: - | D31: Tidak diuji (risiko rendah atau tidak relevan)
A33: Sel berwarna kuning muda diisi auditor. Sel lain berisi rumus dan terkunci.
