Workbook

Sheet VD Lead
C1: KAP Dwi Haryadi Nugraha & Rekan
C2: KK Induk VD · Beban Operasional & Kerugian Penurunan Nilai | I2: Indeks KK | J2: VD
C3: Klien | I3: Disusun/Tgl
C4: Periode | D4: 31 Desember 2025 | I4: Direview/Tgl
A6: A. Lead Schedule
A7: PM Final (Rp) | E7: M/TM | F7: =IF($C$7="","",IF(ABS(F17)>=$C$7,"M","TM")) | G7: CRA
A8: Ref | B8: Sub-Akun | C8: 2024 Audit | D8: 2025 per Buku | E8: AJE | F8: 2025 Audit | G8: Naik (Turun) | H8: % | I8: Ref AJE | J8: Ref KK Anak
A9: VD-1 | F9: =D9+E9 | G9: =F9-C9 | H9: =IF(C9=0,"",G9/C9)
A10: VD-2 | F10: =D10+E10 | G10: =F10-C10 | H10: =IF(C10=0,"",G10/C10)
A11: VD-3 | F11: =D11+E11 | G11: =F11-C11 | H11: =IF(C11=0,"",G11/C11)
A12: VD-4 | F12: =D12+E12 | G12: =F12-C12 | H12: =IF(C12=0,"",G12/C12)
A13: VD-5 | F13: =D13+E13 | G13: =F13-C13 | H13: =IF(C13=0,"",G13/C13)
A14: VD-6 | F14: =D14+E14 | G14: =F14-C14 | H14: =IF(C14=0,"",G14/C14)
A15: VD-7 | F15: =D15+E15 | G15: =F15-C15 | H15: =IF(C15=0,"",G15/C15)
A16: VD-8 | F16: =D16+E16 | G16: =F16-C16 | H16: =IF(C16=0,"",G16/C16)
B17: Jumlah | C17: =SUM(C9:C16) | D17: =SUM(D9:D16) | E17: =SUM(E9:E16) | F17: =SUM(F9:F16) | G17: =SUM(G9:G16) | H17: =IF(C17=0,"",G17/C17)
A19: B. Jawaban Asersi (Otomatis dari Program dan KK Anak)
A20: Kode | B20: Asersi | C20: Dijawab oleh Prosedur | E20: Relevan | F20: Selesai | G20: Pengecualian | H20: Jawaban | I20: Ref AJE | J20: Catatan
A21: O | B21: Keterjadian | C21: VD.1, VD.2 | E21: =COUNTIF('VD Program'!$D$8:$D$10,"X") | F21: =COUNTIFS('VD Program'!$D$8:$D$10,"X",'VD Program'!$I$8:$I$10,"Selesai") | G21: =COUNTIFS('VD Program'!$D$8:$D$10,"X",'VD Program'!$J$8:$J$10,"Pengecualian") | H21: =IF(E21=0,"n/a",IF(G21>0,"TT",IF(F21+COUNTIFS('VD Program'!$D$8:$D$10,"X",'VD Program'!$I$8:$I$10,"Tidak Relevan")<E21,"BD",IF(F21=0,"n/a",IF(COUNTIFS('VD Program'!$D$8:$D$10,"X",'VD Program'!$J$8:$J$10,"Koreksi (AJE)")>0,"T-K","T")))))
A22: M | B22: Pengukuran | C22: VD.1, VD.2 | E22: =COUNTIF('VD Program'!$E$8:$E$10,"X") | F22: =COUNTIFS('VD Program'!$E$8:$E$10,"X",'VD Program'!$I$8:$I$10,"Selesai") | G22: =COUNTIFS('VD Program'!$E$8:$E$10,"X",'VD Program'!$J$8:$J$10,"Pengecualian") | H22: =IF(E22=0,"n/a",IF(G22>0,"TT",IF(F22+COUNTIFS('VD Program'!$E$8:$E$10,"X",'VD Program'!$I$8:$I$10,"Tidak Relevan")<E22,"BD",IF(F22=0,"n/a",IF(COUNTIFS('VD Program'!$E$8:$E$10,"X",'VD Program'!$J$8:$J$10,"Koreksi (AJE)")>0,"T-K","T")))))
A23: C | B23: Kelengkapan | C23: VD.1, VD.2, VD.3 | E23: =COUNTIF('VD Program'!$F$8:$F$10,"X") | F23: =COUNTIFS('VD Program'!$F$8:$F$10,"X",'VD Program'!$I$8:$I$10,"Selesai") | G23: =COUNTIFS('VD Program'!$F$8:$F$10,"X",'VD Program'!$J$8:$J$10,"Pengecualian") | H23: =IF(E23=0,"n/a",IF(G23>0,"TT",IF(F23+COUNTIFS('VD Program'!$F$8:$F$10,"X",'VD Program'!$I$8:$I$10,"Tidak Relevan")<E23,"BD",IF(F23=0,"n/a",IF(COUNTIFS('VD Program'!$F$8:$F$10,"X",'VD Program'!$J$8:$J$10,"Koreksi (AJE)")>0,"T-K","T")))))
A24: - | B24: Tidak Relevan (Akun Laba Rugi) | C24: - | E24: - | F24: - | G24: - | H24: n/a
A25: P | B25: Penyajian dan Pengungkapan | C25: VD.1, VD.3 | E25: =COUNTIF('VD Program'!$H$8:$H$10,"X") | F25: =COUNTIFS('VD Program'!$H$8:$H$10,"X",'VD Program'!$I$8:$I$10,"Selesai") | G25: =COUNTIFS('VD Program'!$H$8:$H$10,"X",'VD Program'!$J$8:$J$10,"Pengecualian") | H25: =IF(E25=0,"n/a",IF(G25>0,"TT",IF(F25+COUNTIFS('VD Program'!$H$8:$H$10,"X",'VD Program'!$I$8:$I$10,"Tidak Relevan")<E25,"BD",IF(F25=0,"n/a",IF(COUNTIFS('VD Program'!$H$8:$H$10,"X",'VD Program'!$J$8:$J$10,"Koreksi (AJE)")>0,"T-K","T")))))
A27: C. Kesimpulan Akun
A28: Status | C28: =IF(COUNTIF(H21:H25,"TT")>0,"Belum terpenuhi",IF(COUNTIF(H21:H25,"BD")+COUNTBLANK(H21:H25)>0,"Pengujian belum selesai",IF(COUNTIF(H21:H25,"T-K")>0,"Wajar setelah penyesuaian audit","Wajar, tidak ada salah saji")))
A29: Kesimpulan Auditor | C29: Berdasarkan prosedur audit yang dilaksanakan, saldo beban Operasional & Kerugian Penurunan Nilai per 31 Desember 2025 disajikan wajar dalam semua hal yang material (sesuaikan).
A33: Jawaban: T terpenuhi, T-K terpenuhi setelah koreksi, TT ada pengecualian, BD belum semua prosedur relevan selesai. Hasil akun mengalir ke A-1.

Sheet VD Program
C1: KAP Dwi Haryadi Nugraha & Rekan
C2: Program Prosedur Substantif VD · Beban Operasional & Kerugian Penurunan Nilai | K2: Indeks KK | L2: VD
C3: Klien | K3: Disusun/Tgl
C4: Periode | D4: 31 Desember 2025 | K4: Direview/Tgl
A6: Prosedur Substantif Primer (Whitepaper) dan Prosedur Tambahan
A7: Ref | B7: Prosedur | C7: Jenis | D7: O | E7: M | F7: C | G7: - | H7: P | I7: Status | J7: Hasil | K7: Ref AJE | L7: Sheet KK Anak
A8: VD.1 | B8: Analisis Konten pada Beban Umum Administrasi dan Beban Umum Lainnya | C8: PSP | D8: X | E8: X | F8: X | G8: - | H8: X | I8: =IF('VD.1 Analisis Konten pada'!$C$7="","Belum",'VD.1 Analisis Konten pada'!$C$7) | J8: =IF('VD.1 Analisis Konten pada'!$C$8="","",'VD.1 Analisis Konten pada'!$C$8) | K8: =IF('VD.1 Analisis Konten pada'!$C$9="","",'VD.1 Analisis Konten pada'!$C$9) | L8: VD.1 Analisis Konten pada
A9: VD.2 | B9: Tinjauan Dokumentasi Penunjang | C9: PSP | D9: X | E9: X | F9: X | G9: - | I9: =IF('VD.2 Tinjauan Dokumentasi'!$C$7="","Belum",'VD.2 Tinjauan Dokumentasi'!$C$7) | J9: =IF('VD.2 Tinjauan Dokumentasi'!$C$8="","",'VD.2 Tinjauan Dokumentasi'!$C$8) | K9: =IF('VD.2 Tinjauan Dokumentasi'!$C$9="","",'VD.2 Tinjauan Dokumentasi'!$C$9) | L9: VD.2 Tinjauan Dokumentasi
A10: VD.3 | B10: Kelengkapan Konfirmasi dari Pengacara Perusahaan | C10: PSP | F10: X | G10: - | H10: X | I10: =IF('VD.3 Kelengkapan Konfirmasi'!$C$7="","Belum",'VD.3 Kelengkapan Konfirmasi'!$C$7) | J10: =IF('VD.3 Kelengkapan Konfirmasi'!$C$8="","",'VD.3 Kelengkapan Konfirmasi'!$C$8) | K10: =IF('VD.3 Kelengkapan Konfirmasi'!$C$9="","",'VD.3 Kelengkapan Konfirmasi'!$C$9) | L10: VD.3 Kelengkapan Konfirmasi
A12: Status dan hasil diisi di sheet KK anak masing-masing prosedur (sel kuning bagian A). Program ini dan jawaban asersi di Lead terisi otomatis.
A13: X = asersi yang dijawab prosedur (whitepaper Asersi dan Prosedur Audit Substantif Primer). Prosedur tambahan merespons risiko gabungan (CRA) dan karakter industri.

Sheet VD.1 Analisis Konten pada
C1: KAP Dwi Haryadi Nugraha & Rekan
C2: KK Anak VD.1 · Analisis Konten pada Beban Umum Administrasi dan Beban Umum Lainnya | H2: Indeks KK | I2: VD.1
C3: Klien | H3: Disusun/Tgl
C4: Periode | D4: 31 Desember 2025 | H4: Direview/Tgl
A6: A. Status dan Hasil Prosedur
A7: Status | C7: Belum | D7: Asersi Dijawab | E7: O Keterjadian, M Pengukuran, C Kelengkapan, P Penyajian dan Pengungkapan
A8: Hasil | D8: Jenis | E8: PSP (Whitepaper)
A9: Ref AJE | D9: Dikerjakan Oleh/Tgl
A11: B. Langkah Kerja
A12: Analisis isi akun beban umum per jenis; bandingkan dengan tahun lalu dan anggaran.
A14: C. Pengujian
A15: Ambang Selisih (Rp)
A16: Bulan | B16: 2025 Aktual | C16: 2024 Aktual | D16: Selisih | E16: % | F16: Ekspektasi 2025 | G16: Selisih thd Ekspektasi | H16: Perlu Penjelasan? | I16: Penjelasan dan Bukti
A17: Januari | D17: =B17-C17 | E17: =IF(C17=0,"",D17/C17) | G17: =IF(F17="","",B17-F17) | H17: =IF(OR(G17="",$B$15=""),"",IF(ABS(G17)>$B$15,"Ya","Tidak"))
A18: Februari | D18: =B18-C18 | E18: =IF(C18=0,"",D18/C18) | G18: =IF(F18="","",B18-F18) | H18: =IF(OR(G18="",$B$15=""),"",IF(ABS(G18)>$B$15,"Ya","Tidak"))
A19: Maret | D19: =B19-C19 | E19: =IF(C19=0,"",D19/C19) | G19: =IF(F19="","",B19-F19) | H19: =IF(OR(G19="",$B$15=""),"",IF(ABS(G19)>$B$15,"Ya","Tidak"))
A20: April | D20: =B20-C20 | E20: =IF(C20=0,"",D20/C20) | G20: =IF(F20="","",B20-F20) | H20: =IF(OR(G20="",$B$15=""),"",IF(ABS(G20)>$B$15,"Ya","Tidak"))
A21: Mei | D21: =B21-C21 | E21: =IF(C21=0,"",D21/C21) | G21: =IF(F21="","",B21-F21) | H21: =IF(OR(G21="",$B$15=""),"",IF(ABS(G21)>$B$15,"Ya","Tidak"))
A22: Juni | D22: =B22-C22 | E22: =IF(C22=0,"",D22/C22) | G22: =IF(F22="","",B22-F22) | H22: =IF(OR(G22="",$B$15=""),"",IF(ABS(G22)>$B$15,"Ya","Tidak"))
A23: Juli | D23: =B23-C23 | E23: =IF(C23=0,"",D23/C23) | G23: =IF(F23="","",B23-F23) | H23: =IF(OR(G23="",$B$15=""),"",IF(ABS(G23)>$B$15,"Ya","Tidak"))
A24: Agustus | D24: =B24-C24 | E24: =IF(C24=0,"",D24/C24) | G24: =IF(F24="","",B24-F24) | H24: =IF(OR(G24="",$B$15=""),"",IF(ABS(G24)>$B$15,"Ya","Tidak"))
A25: September | D25: =B25-C25 | E25: =IF(C25=0,"",D25/C25) | G25: =IF(F25="","",B25-F25) | H25: =IF(OR(G25="",$B$15=""),"",IF(ABS(G25)>$B$15,"Ya","Tidak"))
A26: Oktober | D26: =B26-C26 | E26: =IF(C26=0,"",D26/C26) | G26: =IF(F26="","",B26-F26) | H26: =IF(OR(G26="",$B$15=""),"",IF(ABS(G26)>$B$15,"Ya","Tidak"))
A27: November | D27: =B27-C27 | E27: =IF(C27=0,"",D27/C27) | G27: =IF(F27="","",B27-F27) | H27: =IF(OR(G27="",$B$15=""),"",IF(ABS(G27)>$B$15,"Ya","Tidak"))
A28: Desember | D28: =B28-C28 | E28: =IF(C28=0,"",D28/C28) | G28: =IF(F28="","",B28-F28) | H28: =IF(OR(G28="",$B$15=""),"",IF(ABS(G28)>$B$15,"Ya","Tidak"))
A29: Jumlah | B29: =SUM(B17:B28) | C29: =SUM(C17:C28) | D29: =SUM(D17:D28) | F29: =SUM(F17:F28) | G29: =SUM(G17:G28)
A31: Kesimpulan Pengujian

Sheet VD.2 Tinjauan Dokumentasi
C1: KAP Dwi Haryadi Nugraha & Rekan
C2: KK Anak VD.2 · Tinjauan Dokumentasi Penunjang | F2: Indeks KK | G2: VD.2
C3: Klien | F3: Disusun/Tgl
C4: Periode | D4: 31 Desember 2025 | F4: Direview/Tgl
A6: A. Status dan Hasil Prosedur
A7: Status | C7: Belum | D7: Asersi Dijawab | E7: O Keterjadian, M Pengukuran, C Kelengkapan
A8: Hasil | D8: Jenis | E8: PSP (Whitepaper)
A9: Ref AJE | D9: Dikerjakan Oleh/Tgl
A11: B. Langkah Kerja
A12: Vouching sampel beban ke dokumen pendukung dan persetujuan.
A14: C. Pengujian
A15: No | B15: Uraian / Dokumen | C15: Jumlah per Buku | D15: Jumlah per Bukti | E15: Selisih | F15: Tickmark | G15: Keterangan
A16: 1 | E16: =IF(D16="","",D16-C16)
A17: 2 | E17: =IF(D17="","",D17-C17)
A18: 3 | E18: =IF(D18="","",D18-C18)
A19: 4 | E19: =IF(D19="","",D19-C19)
A20: 5 | E20: =IF(D20="","",D20-C20)
A21: 6 | E21: =IF(D21="","",D21-C21)
A22: 7 | E22: =IF(D22="","",D22-C22)
A23: 8 | E23: =IF(D23="","",D23-C23)
A24: 9 | E24: =IF(D24="","",D24-C24)
A25: 10 | E25: =IF(D25="","",D25-C25)
A26: 11 | E26: =IF(D26="","",D26-C26)
A27: 12 | E27: =IF(D27="","",D27-C27)
... A35: 20 | E35: =IF(D35="","",D35-C35)
B36: Jumlah | C36: =SUM(C16:C35) | D36: =SUM(D16:D35) | E36: =SUM(E16:E35)
A38: Kesimpulan Pengujian

Sheet VD.3 Kelengkapan Konfirmasi
C1: KAP Dwi Haryadi Nugraha & Rekan
C2: KK Anak VD.3 · Kelengkapan Konfirmasi dari Pengacara Perusahaan | F2: Indeks KK | G2: VD.3
C3: Klien | F3: Disusun/Tgl
C4: Periode | D4: 31 Desember 2025 | F4: Direview/Tgl
A6: A. Status dan Hasil Prosedur
A7: Status | C7: Belum | D7: Asersi Dijawab | E7: C Kelengkapan, P Penyajian dan Pengungkapan
A8: Hasil | D8: Jenis | E8: PSP (Whitepaper)
A9: Ref AJE | D9: Dikerjakan Oleh/Tgl
A11: B. Langkah Kerja
A12: Cocokkan beban jasa hukum dengan daftar konsultan hukum yang dikirimi konfirmasi.
A14: C. Pengujian
A15: No | B15: Uraian / Dokumen | C15: Jumlah per Buku | D15: Jumlah per Bukti | E15: Selisih | F15: Tickmark | G15: Keterangan
A16: 1 | E16: =IF(D16="","",D16-C16)
A17: 2 | E17: =IF(D17="","",D17-C17)
A18: 3 | E18: =IF(D18="","",D18-C18)
A19: 4 | E19: =IF(D19="","",D19-C19)
A20: 5 | E20: =IF(D20="","",D20-C20)
A21: 6 | E21: =IF(D21="","",D21-C21)
A22: 7 | E22: =IF(D22="","",D22-C22)
A23: 8 | E23: =IF(D23="","",D23-C23)
A24: 9 | E24: =IF(D24="","",D24-C24)
A25: 10 | E25: =IF(D25="","",D25-C25)
A26: 11 | E26: =IF(D26="","",D26-C26)
A27: 12 | E27: =IF(D27="","",D27-C27)
... A35: 20 | E35: =IF(D35="","",D35-C35)
B36: Jumlah | C36: =SUM(C16:C35) | D36: =SUM(D16:D35) | E36: =SUM(E16:E35)
A38: Kesimpulan Pengujian

Sheet Keterangan
C1: KAP Dwi Haryadi Nugraha & Rekan
C2: Keterangan Tickmark dan Kode | E2: Indeks KK | F2: Legend
C3: Klien | E3: Disusun/Tgl
C4: Periode | D4: 31 Desember 2025 | E4: Direview/Tgl
A6: Tickmark
C7: Tanda | D7: Arti
C8: ✓ | D8: Dicocokkan ke dokumen sumber
C9: ^ | D9: Footing (penjumlahan vertikal) benar
C10: < | D10: Cross-footing (penjumlahan horizontal) benar
C11: TB | D11: Cocok dengan neraca saldo
C12: GL | D12: Cocok dengan buku besar
C13: C | D13: Konfirmasi diterima dan sesuai
C14: C/X | D14: Konfirmasi diterima, ada selisih (lihat keterangan)
C15: PY | D15: Cocok dengan kertas kerja tahun lalu
C16: R | D16: Dihitung ulang (rekalkulasi) dan sesuai
C17: O | D17: Diobservasi / dihitung fisik
A19: Kode Jawaban Asersi
C20: Kode | D20: Arti
C21: T | D21: Terpenuhi
C22: T-K | D22: Terpenuhi setelah koreksi (AJE)
C23: TT | D23: Tidak terpenuhi, ada pengecualian yang belum selesai
C24: BD | D24: Belum diuji
C25: n/a | D25: Tidak relevan
A27: Rencana Uji
C28: Kode | D28: Arti
C29: √ | D29: Uji rinci (test of details)
C30: A | D30: Prosedur analitis substantif
C31: - | D31: Tidak diuji (risiko rendah atau tidak relevan)
A33: Sel berwarna kuning muda diisi auditor. Sel lain berisi rumus dan terkunci.
