Workbook

Sheet T Lead
C1: KAP Dwi Haryadi Nugraha & Rekan
C2: KK Induk T · Aset Neto | I2: Indeks KK | J2: T
C3: Klien | I3: Disusun/Tgl
C4: Periode | D4: 31 Desember 2025 | I4: Direview/Tgl
A6: A. Lead Schedule
A7: PM Final (Rp) | E7: M/TM | F7: =IF($C$7="","",IF(ABS(F17)>=$C$7,"M","TM")) | G7: CRA
A8: Ref | B8: Sub-Akun | C8: 2024 Audit | D8: 2025 per Buku | E8: AJE | F8: 2025 Audit | G8: Naik (Turun) | H8: % | I8: Ref AJE | J8: Ref KK Anak
A9: T-1 | F9: =D9+E9 | G9: =F9-C9 | H9: =IF(C9=0,"",G9/C9)
A10: T-2 | F10: =D10+E10 | G10: =F10-C10 | H10: =IF(C10=0,"",G10/C10)
A11: T-3 | F11: =D11+E11 | G11: =F11-C11 | H11: =IF(C11=0,"",G11/C11)
A12: T-4 | F12: =D12+E12 | G12: =F12-C12 | H12: =IF(C12=0,"",G12/C12)
A13: T-5 | F13: =D13+E13 | G13: =F13-C13 | H13: =IF(C13=0,"",G13/C13)
A14: T-6 | F14: =D14+E14 | G14: =F14-C14 | H14: =IF(C14=0,"",G14/C14)
A15: T-7 | F15: =D15+E15 | G15: =F15-C15 | H15: =IF(C15=0,"",G15/C15)
A16: T-8 | F16: =D16+E16 | G16: =F16-C16 | H16: =IF(C16=0,"",G16/C16)
B17: Jumlah | C17: =SUM(C9:C16) | D17: =SUM(D9:D16) | E17: =SUM(E9:E16) | F17: =SUM(F9:F16) | G17: =SUM(G9:G16) | H17: =IF(C17=0,"",G17/C17)
A19: B. Jawaban Asersi (Otomatis dari Program dan KK Anak)
A20: Kode | B20: Asersi | C20: Dijawab oleh Prosedur | E20: Relevan | F20: Selesai | G20: Pengecualian | H20: Jawaban | I20: Ref AJE | J20: Catatan
A21: E | B21: Keberadaan | C21: T.3 | E21: =COUNTIF('T Program'!$D$8:$D$12,"X") | F21: =COUNTIFS('T Program'!$D$8:$D$12,"X",'T Program'!$I$8:$I$12,"Selesai") | G21: =COUNTIFS('T Program'!$D$8:$D$12,"X",'T Program'!$J$8:$J$12,"Pengecualian") | H21: =IF(E21=0,"n/a",IF(G21>0,"TT",IF(F21+COUNTIFS('T Program'!$D$8:$D$12,"X",'T Program'!$I$8:$I$12,"Tidak Relevan")<E21,"BD",IF(F21=0,"n/a",IF(COUNTIFS('T Program'!$D$8:$D$12,"X",'T Program'!$J$8:$J$12,"Koreksi (AJE)")>0,"T-K","T")))))
A22: V | B22: Penilaian | C22: T.3 | E22: =COUNTIF('T Program'!$E$8:$E$12,"X") | F22: =COUNTIFS('T Program'!$E$8:$E$12,"X",'T Program'!$I$8:$I$12,"Selesai") | G22: =COUNTIFS('T Program'!$E$8:$E$12,"X",'T Program'!$J$8:$J$12,"Pengecualian") | H22: =IF(E22=0,"n/a",IF(G22>0,"TT",IF(F22+COUNTIFS('T Program'!$E$8:$E$12,"X",'T Program'!$I$8:$I$12,"Tidak Relevan")<E22,"BD",IF(F22=0,"n/a",IF(COUNTIFS('T Program'!$E$8:$E$12,"X",'T Program'!$J$8:$J$12,"Koreksi (AJE)")>0,"T-K","T")))))
A23: C | B23: Kelengkapan | C23: T.1, T.2, T.3, T.4 | E23: =COUNTIF('T Program'!$F$8:$F$12,"X") | F23: =COUNTIFS('T Program'!$F$8:$F$12,"X",'T Program'!$I$8:$I$12,"Selesai") | G23: =COUNTIFS('T Program'!$F$8:$F$12,"X",'T Program'!$J$8:$J$12,"Pengecualian") | H23: =IF(E23=0,"n/a",IF(G23>0,"TT",IF(F23+COUNTIFS('T Program'!$F$8:$F$12,"X",'T Program'!$I$8:$I$12,"Tidak Relevan")<E23,"BD",IF(F23=0,"n/a",IF(COUNTIFS('T Program'!$F$8:$F$12,"X",'T Program'!$J$8:$J$12,"Koreksi (AJE)")>0,"T-K","T")))))
A24: R | B24: Hak dan Kewajiban | C24: T.1 | E24: =COUNTIF('T Program'!$G$8:$G$12,"X") | F24: =COUNTIFS('T Program'!$G$8:$G$12,"X",'T Program'!$I$8:$I$12,"Selesai") | G24: =COUNTIFS('T Program'!$G$8:$G$12,"X",'T Program'!$J$8:$J$12,"Pengecualian") | H24: =IF(E24=0,"n/a",IF(G24>0,"TT",IF(F24+COUNTIFS('T Program'!$G$8:$G$12,"X",'T Program'!$I$8:$I$12,"Tidak Relevan")<E24,"BD",IF(F24=0,"n/a",IF(COUNTIFS('T Program'!$G$8:$G$12,"X",'T Program'!$J$8:$J$12,"Koreksi (AJE)")>0,"T-K","T")))))
A25: P | B25: Penyajian dan Pengungkapan | C25: T.1, T.2, T.5 | E25: =COUNTIF('T Program'!$H$8:$H$12,"X") | F25: =COUNTIFS('T Program'!$H$8:$H$12,"X",'T Program'!$I$8:$I$12,"Selesai") | G25: =COUNTIFS('T Program'!$H$8:$H$12,"X",'T Program'!$J$8:$J$12,"Pengecualian") | H25: =IF(E25=0,"n/a",IF(G25>0,"TT",IF(F25+COUNTIFS('T Program'!$H$8:$H$12,"X",'T Program'!$I$8:$I$12,"Tidak Relevan")<E25,"BD",IF(F25=0,"n/a",IF(COUNTIFS('T Program'!$H$8:$H$12,"X",'T Program'!$J$8:$J$12,"Koreksi (AJE)")>0,"T-K","T")))))
A27: C. Kesimpulan Akun
A28: Status | C28: =IF(COUNTIF(H21:H25,"TT")>0,"Belum terpenuhi",IF(COUNTIF(H21:H25,"BD")+COUNTBLANK(H21:H25)>0,"Pengujian belum selesai",IF(COUNTIF(H21:H25,"T-K")>0,"Wajar setelah penyesuaian audit","Wajar, tidak ada salah saji")))
A29: Kesimpulan Auditor | C29: Berdasarkan prosedur audit yang dilaksanakan, saldo aset Neto per 31 Desember 2025 disajikan wajar dalam semua hal yang material (sesuaikan).
A33: Jawaban: T terpenuhi, T-K terpenuhi setelah koreksi, TT ada pengecualian, BD belum semua prosedur relevan selesai. Hasil akun mengalir ke A-1.

Sheet T Program
C1: KAP Dwi Haryadi Nugraha & Rekan
C2: Program Prosedur Substantif T · Aset Neto | K2: Indeks KK | L2: T
C3: Klien | K3: Disusun/Tgl
C4: Periode | D4: 31 Desember 2025 | K4: Direview/Tgl
A6: Prosedur Substantif Primer (Whitepaper) dan Prosedur Tambahan
A7: Ref | B7: Prosedur | C7: Jenis | D7: E | E7: V | F7: C | G7: R | H7: P | I7: Status | J7: Hasil | K7: Ref AJE | L7: Sheet KK Anak
A8: T.1 | B8: Skedul Rekonsiliasi Ekuitas | C8: PSP | F8: X | G8: X | H8: X | I8: =IF('T.1 Skedul Rekonsiliasi Ekuitas'!$C$7="","Belum",'T.1 Skedul Rekonsiliasi Ekuitas'!$C$7) | J8: =IF('T.1 Skedul Rekonsiliasi Ekuitas'!$C$8="","",'T.1 Skedul Rekonsiliasi Ekuitas'!$C$8) | K8: =IF('T.1 Skedul Rekonsiliasi Ekuitas'!$C$9="","",'T.1 Skedul Rekonsiliasi Ekuitas'!$C$9) | L8: T.1 Skedul Rekonsiliasi Ekuitas
A9: T.2 | B9: Notulen dan Transaksi Ekuitas | C9: PSP | F9: X | H9: X | I9: =IF('T.2 Notulen dan Transaksi'!$C$7="","Belum",'T.2 Notulen dan Transaksi'!$C$7) | J9: =IF('T.2 Notulen dan Transaksi'!$C$8="","",'T.2 Notulen dan Transaksi'!$C$8) | K9: =IF('T.2 Notulen dan Transaksi'!$C$9="","",'T.2 Notulen dan Transaksi'!$C$9) | L9: T.2 Notulen dan Transaksi
A10: T.3 | B10: Penyelidikan atas Perjanjian Opsi Saham | C10: PSP | D10: X | E10: X | F10: X | I10: =IF('T.3 Penyelidikan atas'!$C$7="","Belum",'T.3 Penyelidikan atas'!$C$7) | J10: =IF('T.3 Penyelidikan atas'!$C$8="","",'T.3 Penyelidikan atas'!$C$8) | K10: =IF('T.3 Penyelidikan atas'!$C$9="","",'T.3 Penyelidikan atas'!$C$9) | L10: T.3 Penyelidikan atas
A11: T.4 | B11: Kesesuaian Pembayaran Dividen | C11: PSP | F11: X | I11: =IF('T.4 Kesesuaian Pembayaran'!$C$7="","Belum",'T.4 Kesesuaian Pembayaran'!$C$7) | J11: =IF('T.4 Kesesuaian Pembayaran'!$C$8="","",'T.4 Kesesuaian Pembayaran'!$C$8) | K11: =IF('T.4 Kesesuaian Pembayaran'!$C$9="","",'T.4 Kesesuaian Pembayaran'!$C$9) | L11: T.4 Kesesuaian Pembayaran
A12: T.5 | B12: Klasifikasi Aset Neto dengan dan tanpa Pembatasan | C12: Tambahan | H12: X | I12: =IF('T.5 Klasifikasi Aset Neto'!$C$7="","Belum",'T.5 Klasifikasi Aset Neto'!$C$7) | J12: =IF('T.5 Klasifikasi Aset Neto'!$C$8="","",'T.5 Klasifikasi Aset Neto'!$C$8) | K12: =IF('T.5 Klasifikasi Aset Neto'!$C$9="","",'T.5 Klasifikasi Aset Neto'!$C$9) | L12: T.5 Klasifikasi Aset Neto
A14: Status dan hasil diisi di sheet KK anak masing-masing prosedur (sel kuning bagian A). Program ini dan jawaban asersi di Lead terisi otomatis.
A15: X = asersi yang dijawab prosedur (whitepaper Asersi dan Prosedur Audit Substantif Primer). Prosedur tambahan merespons risiko gabungan (CRA) dan karakter industri.

Sheet T.1 Skedul Rekonsiliasi Ekuitas
C1: KAP Dwi Haryadi Nugraha & Rekan
C2: KK Anak T.1 · Skedul Rekonsiliasi Ekuitas | E2: Indeks KK | F2: T.1
C3: Klien | E3: Disusun/Tgl
C4: Periode | D4: 31 Desember 2025 | E4: Direview/Tgl
A6: A. Status dan Hasil Prosedur
A7: Status | C7: Belum | D7: Asersi Dijawab | E7: C Kelengkapan, R Hak dan Kewajiban, P Penyajian dan Pengungkapan
A8: Hasil | D8: Jenis | E8: PSP (Whitepaper)
A9: Ref AJE | D9: Dikerjakan Oleh/Tgl
A11: B. Langkah Kerja
A12: Susun mutasi ekuitas: modal, tambahan modal disetor, saldo laba, OCI; cocokkan dengan akta dan laba periode.
A14: C. Pengujian
A15: No | B15: Uraian | C15: Jumlah | D15: Sumber / Ref | E15: Tickmark | F15: Keterangan
A16: 1 | B16: Saldo Awal (Audit Tahun Lalu)
A17: 2 | B17: Penambahan
A18: 3 | B18: Pengurangan
A19: 4 | B19: Penyesuaian Lain
B20: Saldo Akhir Dihitung | C20: =C16+C17-C18+C19
B21: Saldo Akhir Per Buku
B22: Selisih | C22: =IF(C21="","",C20-C21)
A24: Kesimpulan Pengujian

Sheet T.2 Notulen dan Transaksi
C1: KAP Dwi Haryadi Nugraha & Rekan
C2: KK Anak T.2 · Notulen dan Transaksi Ekuitas | F2: Indeks KK | G2: T.2
C3: Klien | F3: Disusun/Tgl
C4: Periode | D4: 31 Desember 2025 | F4: Direview/Tgl
A6: A. Status dan Hasil Prosedur
A7: Status | C7: Belum | D7: Asersi Dijawab | E7: C Kelengkapan, P Penyajian dan Pengungkapan
A8: Hasil | D8: Jenis | E8: PSP (Whitepaper)
A9: Ref AJE | D9: Dikerjakan Oleh/Tgl
A11: B. Langkah Kerja
A12: Baca notulen RUPS dan akta perubahan; uji pencatatan transaksi ekuitas.
A14: C. Pengujian
A15: No | B15: Uraian / Dokumen | C15: Jumlah per Buku | D15: Jumlah per Bukti | E15: Selisih | F15: Tickmark | G15: Keterangan
A16: 1 | E16: =IF(D16="","",D16-C16)
A17: 2 | E17: =IF(D17="","",D17-C17)
A18: 3 | E18: =IF(D18="","",D18-C18)
A19: 4 | E19: =IF(D19="","",D19-C19)
A20: 5 | E20: =IF(D20="","",D20-C20)
A21: 6 | E21: =IF(D21="","",D21-C21)
A22: 7 | E22: =IF(D22="","",D22-C22)
A23: 8 | E23: =IF(D23="","",D23-C23)
A24: 9 | E24: =IF(D24="","",D24-C24)
A25: 10 | E25: =IF(D25="","",D25-C25)
A26: 11 | E26: =IF(D26="","",D26-C26)
A27: 12 | E27: =IF(D27="","",D27-C27)
... A35: 20 | E35: =IF(D35="","",D35-C35)
B36: Jumlah | C36: =SUM(C16:C35) | D36: =SUM(D16:D35) | E36: =SUM(E16:E35)
A38: Kesimpulan Pengujian

Sheet T.3 Penyelidikan atas
C1: KAP Dwi Haryadi Nugraha & Rekan
C2: KK Anak T.3 · Penyelidikan atas Perjanjian Opsi Saham | F2: Indeks KK | G2: T.3
C3: Klien | F3: Disusun/Tgl
C4: Periode | D4: 31 Desember 2025 | F4: Direview/Tgl
A6: A. Status dan Hasil Prosedur
A7: Status | C7: Belum | D7: Asersi Dijawab | E7: E Keberadaan, V Penilaian, C Kelengkapan
A8: Hasil | D8: Jenis | E8: PSP (Whitepaper)
A9: Ref AJE | D9: Dikerjakan Oleh/Tgl
A11: B. Langkah Kerja
A12: Identifikasi program opsi saham/MESOP dan evaluasi pencatatannya.
A14: C. Pengujian
A15: No | B15: Uraian / Dokumen | C15: Jumlah per Buku | D15: Jumlah per Bukti | E15: Selisih | F15: Tickmark | G15: Keterangan
A16: 1 | E16: =IF(D16="","",D16-C16)
A17: 2 | E17: =IF(D17="","",D17-C17)
A18: 3 | E18: =IF(D18="","",D18-C18)
A19: 4 | E19: =IF(D19="","",D19-C19)
A20: 5 | E20: =IF(D20="","",D20-C20)
A21: 6 | E21: =IF(D21="","",D21-C21)
A22: 7 | E22: =IF(D22="","",D22-C22)
A23: 8 | E23: =IF(D23="","",D23-C23)
A24: 9 | E24: =IF(D24="","",D24-C24)
A25: 10 | E25: =IF(D25="","",D25-C25)
A26: 11 | E26: =IF(D26="","",D26-C26)
A27: 12 | E27: =IF(D27="","",D27-C27)
... A35: 20 | E35: =IF(D35="","",D35-C35)
B36: Jumlah | C36: =SUM(C16:C35) | D36: =SUM(D16:D35) | E36: =SUM(E16:E35)
A38: Kesimpulan Pengujian

Sheet T.4 Kesesuaian Pembayaran
C1: KAP Dwi Haryadi Nugraha & Rekan
C2: KK Anak T.4 · Kesesuaian Pembayaran Dividen | F2: Indeks KK | G2: T.4
C3: Klien | F3: Disusun/Tgl
C4: Periode | D4: 31 Desember 2025 | F4: Direview/Tgl
A6: A. Status dan Hasil Prosedur
A7: Status | C7: Belum | D7: Asersi Dijawab | E7: C Kelengkapan
A8: Hasil | D8: Jenis | E8: PSP (Whitepaper)
A9: Ref AJE | D9: Dikerjakan Oleh/Tgl
A11: B. Langkah Kerja
A12: Cocokkan dividen dengan keputusan RUPS dan bukti pembayaran.
A14: C. Pengujian
A15: No | B15: Uraian / Dokumen | C15: Jumlah per Buku | D15: Jumlah per Bukti | E15: Selisih | F15: Tickmark | G15: Keterangan
A16: 1 | E16: =IF(D16="","",D16-C16)
A17: 2 | E17: =IF(D17="","",D17-C17)
A18: 3 | E18: =IF(D18="","",D18-C18)
A19: 4 | E19: =IF(D19="","",D19-C19)
A20: 5 | E20: =IF(D20="","",D20-C20)
A21: 6 | E21: =IF(D21="","",D21-C21)
A22: 7 | E22: =IF(D22="","",D22-C22)
A23: 8 | E23: =IF(D23="","",D23-C23)
A24: 9 | E24: =IF(D24="","",D24-C24)
A25: 10 | E25: =IF(D25="","",D25-C25)
A26: 11 | E26: =IF(D26="","",D26-C26)
A27: 12 | E27: =IF(D27="","",D27-C27)
... A35: 20 | E35: =IF(D35="","",D35-C35)
B36: Jumlah | C36: =SUM(C16:C35) | D36: =SUM(D16:D35) | E36: =SUM(E16:E35)
A38: Kesimpulan Pengujian

Sheet T.5 Klasifikasi Aset Neto
C1: KAP Dwi Haryadi Nugraha & Rekan
C2: KK Anak T.5 · Klasifikasi Aset Neto dengan dan tanpa Pembatasan | F2: Indeks KK | G2: T.5
C3: Klien | F3: Disusun/Tgl
C4: Periode | D4: 31 Desember 2025 | F4: Direview/Tgl
A6: A. Status dan Hasil Prosedur
A7: Status | C7: Belum | D7: Asersi Dijawab | E7: P Penyajian dan Pengungkapan
A8: Hasil | D8: Jenis | E8: Prosedur Tambahan
A9: Ref AJE | D9: Dikerjakan Oleh/Tgl
A11: B. Langkah Kerja
A12: Uji pemisahan aset neto dengan pembatasan dari pemberi sumber daya (ISAK 335).
A14: C. Pengujian
A15: No | B15: Uraian / Dokumen | C15: Jumlah per Buku | D15: Jumlah per Bukti | E15: Selisih | F15: Tickmark | G15: Keterangan
A16: 1 | E16: =IF(D16="","",D16-C16)
A17: 2 | E17: =IF(D17="","",D17-C17)
A18: 3 | E18: =IF(D18="","",D18-C18)
A19: 4 | E19: =IF(D19="","",D19-C19)
A20: 5 | E20: =IF(D20="","",D20-C20)
A21: 6 | E21: =IF(D21="","",D21-C21)
A22: 7 | E22: =IF(D22="","",D22-C22)
A23: 8 | E23: =IF(D23="","",D23-C23)
A24: 9 | E24: =IF(D24="","",D24-C24)
A25: 10 | E25: =IF(D25="","",D25-C25)
A26: 11 | E26: =IF(D26="","",D26-C26)
A27: 12 | E27: =IF(D27="","",D27-C27)
... A35: 20 | E35: =IF(D35="","",D35-C35)
B36: Jumlah | C36: =SUM(C16:C35) | D36: =SUM(D16:D35) | E36: =SUM(E16:E35)
A38: Kesimpulan Pengujian

Sheet Keterangan
C1: KAP Dwi Haryadi Nugraha & Rekan
C2: Keterangan Tickmark dan Kode | E2: Indeks KK | F2: Legend
C3: Klien | E3: Disusun/Tgl
C4: Periode | D4: 31 Desember 2025 | E4: Direview/Tgl
A6: Tickmark
C7: Tanda | D7: Arti
C8: ✓ | D8: Dicocokkan ke dokumen sumber
C9: ^ | D9: Footing (penjumlahan vertikal) benar
C10: < | D10: Cross-footing (penjumlahan horizontal) benar
C11: TB | D11: Cocok dengan neraca saldo
C12: GL | D12: Cocok dengan buku besar
C13: C | D13: Konfirmasi diterima dan sesuai
C14: C/X | D14: Konfirmasi diterima, ada selisih (lihat keterangan)
C15: PY | D15: Cocok dengan kertas kerja tahun lalu
C16: R | D16: Dihitung ulang (rekalkulasi) dan sesuai
C17: O | D17: Diobservasi / dihitung fisik
A19: Kode Jawaban Asersi
C20: Kode | D20: Arti
C21: T | D21: Terpenuhi
C22: T-K | D22: Terpenuhi setelah koreksi (AJE)
C23: TT | D23: Tidak terpenuhi, ada pengecualian yang belum selesai
C24: BD | D24: Belum diuji
C25: n/a | D25: Tidak relevan
A27: Rencana Uji
C28: Kode | D28: Arti
C29: √ | D29: Uji rinci (test of details)
C30: A | D30: Prosedur analitis substantif
C31: - | D31: Tidak diuji (risiko rendah atau tidak relevan)
A33: Sel berwarna kuning muda diisi auditor. Sel lain berisi rumus dan terkunci.
