Workbook

Sheet C Lead
C1: KAP Dwi Haryadi Nugraha & Rekan
C2: KK Induk C · Kas dan Bank | I2: Indeks KK | J2: C
C3: Klien | I3: Disusun/Tgl
C4: Periode | D4: 31 Desember 2025 | I4: Direview/Tgl
A6: A. Lead Schedule
A7: PM Final (Rp) | E7: M/TM | F7: =IF($C$7="","",IF(ABS(F17)>=$C$7,"M","TM")) | G7: CRA
A8: Ref | B8: Sub-Akun | C8: 2024 Audit | D8: 2025 per Buku | E8: AJE | F8: 2025 Audit | G8: Naik (Turun) | H8: % | I8: Ref AJE | J8: Ref KK Anak
A9: C-1 | F9: =D9+E9 | G9: =F9-C9 | H9: =IF(C9=0,"",G9/C9)
A10: C-2 | F10: =D10+E10 | G10: =F10-C10 | H10: =IF(C10=0,"",G10/C10)
A11: C-3 | F11: =D11+E11 | G11: =F11-C11 | H11: =IF(C11=0,"",G11/C11)
A12: C-4 | F12: =D12+E12 | G12: =F12-C12 | H12: =IF(C12=0,"",G12/C12)
A13: C-5 | F13: =D13+E13 | G13: =F13-C13 | H13: =IF(C13=0,"",G13/C13)
A14: C-6 | F14: =D14+E14 | G14: =F14-C14 | H14: =IF(C14=0,"",G14/C14)
A15: C-7 | F15: =D15+E15 | G15: =F15-C15 | H15: =IF(C15=0,"",G15/C15)
A16: C-8 | F16: =D16+E16 | G16: =F16-C16 | H16: =IF(C16=0,"",G16/C16)
B17: Jumlah | C17: =SUM(C9:C16) | D17: =SUM(D9:D16) | E17: =SUM(E9:E16) | F17: =SUM(F9:F16) | G17: =SUM(G9:G16) | H17: =IF(C17=0,"",G17/C17)
A19: B. Jawaban Asersi (Otomatis dari Program dan KK Anak)
A20: Kode | B20: Asersi | C20: Dijawab oleh Prosedur | E20: Relevan | F20: Selesai | G20: Pengecualian | H20: Jawaban | I20: Ref AJE | J20: Catatan
A21: E | B21: Keberadaan | C21: C.1, C.2, C.3, C.5, C.6 | E21: =COUNTIF('C Program'!$D$8:$D$13,"X") | F21: =COUNTIFS('C Program'!$D$8:$D$13,"X",'C Program'!$I$8:$I$13,"Selesai") | G21: =COUNTIFS('C Program'!$D$8:$D$13,"X",'C Program'!$J$8:$J$13,"Pengecualian") | H21: =IF(E21=0,"n/a",IF(G21>0,"TT",IF(F21+COUNTIFS('C Program'!$D$8:$D$13,"X",'C Program'!$I$8:$I$13,"Tidak Relevan")<E21,"BD",IF(F21=0,"n/a",IF(COUNTIFS('C Program'!$D$8:$D$13,"X",'C Program'!$J$8:$J$13,"Koreksi (AJE)")>0,"T-K","T")))))
A22: V | B22: Penilaian | C22: C.1, C.2, C.4 | E22: =COUNTIF('C Program'!$E$8:$E$13,"X") | F22: =COUNTIFS('C Program'!$E$8:$E$13,"X",'C Program'!$I$8:$I$13,"Selesai") | G22: =COUNTIFS('C Program'!$E$8:$E$13,"X",'C Program'!$J$8:$J$13,"Pengecualian") | H22: =IF(E22=0,"n/a",IF(G22>0,"TT",IF(F22+COUNTIFS('C Program'!$E$8:$E$13,"X",'C Program'!$I$8:$I$13,"Tidak Relevan")<E22,"BD",IF(F22=0,"n/a",IF(COUNTIFS('C Program'!$E$8:$E$13,"X",'C Program'!$J$8:$J$13,"Koreksi (AJE)")>0,"T-K","T")))))
A23: C | B23: Kelengkapan | C23: C.1, C.2, C.3, C.5, C.6 | E23: =COUNTIF('C Program'!$F$8:$F$13,"X") | F23: =COUNTIFS('C Program'!$F$8:$F$13,"X",'C Program'!$I$8:$I$13,"Selesai") | G23: =COUNTIFS('C Program'!$F$8:$F$13,"X",'C Program'!$J$8:$J$13,"Pengecualian") | H23: =IF(E23=0,"n/a",IF(G23>0,"TT",IF(F23+COUNTIFS('C Program'!$F$8:$F$13,"X",'C Program'!$I$8:$I$13,"Tidak Relevan")<E23,"BD",IF(F23=0,"n/a",IF(COUNTIFS('C Program'!$F$8:$F$13,"X",'C Program'!$J$8:$J$13,"Koreksi (AJE)")>0,"T-K","T")))))
A24: R | B24: Hak dan Kewajiban | C24: C.1 | E24: =COUNTIF('C Program'!$G$8:$G$13,"X") | F24: =COUNTIFS('C Program'!$G$8:$G$13,"X",'C Program'!$I$8:$I$13,"Selesai") | G24: =COUNTIFS('C Program'!$G$8:$G$13,"X",'C Program'!$J$8:$J$13,"Pengecualian") | H24: =IF(E24=0,"n/a",IF(G24>0,"TT",IF(F24+COUNTIFS('C Program'!$G$8:$G$13,"X",'C Program'!$I$8:$I$13,"Tidak Relevan")<E24,"BD",IF(F24=0,"n/a",IF(COUNTIFS('C Program'!$G$8:$G$13,"X",'C Program'!$J$8:$J$13,"Koreksi (AJE)")>0,"T-K","T")))))
A25: P | B25: Penyajian dan Pengungkapan | C25: C.1 | E25: =COUNTIF('C Program'!$H$8:$H$13,"X") | F25: =COUNTIFS('C Program'!$H$8:$H$13,"X",'C Program'!$I$8:$I$13,"Selesai") | G25: =COUNTIFS('C Program'!$H$8:$H$13,"X",'C Program'!$J$8:$J$13,"Pengecualian") | H25: =IF(E25=0,"n/a",IF(G25>0,"TT",IF(F25+COUNTIFS('C Program'!$H$8:$H$13,"X",'C Program'!$I$8:$I$13,"Tidak Relevan")<E25,"BD",IF(F25=0,"n/a",IF(COUNTIFS('C Program'!$H$8:$H$13,"X",'C Program'!$J$8:$J$13,"Koreksi (AJE)")>0,"T-K","T")))))
A27: C. Kesimpulan Akun
A28: Status | C28: =IF(COUNTIF(H21:H25,"TT")>0,"Belum terpenuhi",IF(COUNTIF(H21:H25,"BD")+COUNTBLANK(H21:H25)>0,"Pengujian belum selesai",IF(COUNTIF(H21:H25,"T-K")>0,"Wajar setelah penyesuaian audit","Wajar, tidak ada salah saji")))
A29: Kesimpulan Auditor | C29: Berdasarkan prosedur audit yang dilaksanakan, saldo kas dan Bank per 31 Desember 2025 disajikan wajar dalam semua hal yang material (sesuaikan).
A33: Jawaban: T terpenuhi, T-K terpenuhi setelah koreksi, TT ada pengecualian, BD belum semua prosedur relevan selesai. Hasil akun mengalir ke A-1.

Sheet C Program
C1: KAP Dwi Haryadi Nugraha & Rekan
C2: Program Prosedur Substantif C · Kas dan Bank | K2: Indeks KK | L2: C
C3: Klien | K3: Disusun/Tgl
C4: Periode | D4: 31 Desember 2025 | K4: Direview/Tgl
A6: Prosedur Substantif Primer (Whitepaper) dan Prosedur Tambahan
A7: Ref | B7: Prosedur | C7: Jenis | D7: E | E7: V | F7: C | G7: R | H7: P | I7: Status | J7: Hasil | K7: Ref AJE | L7: Sheet KK Anak
A8: C.1 | B8: Konfirmasi Bank | C8: PSP | D8: X | E8: X | F8: X | G8: X | H8: X | I8: =IF('C.1 Konfirmasi Bank'!$C$7="","Belum",'C.1 Konfirmasi Bank'!$C$7) | J8: =IF('C.1 Konfirmasi Bank'!$C$8="","",'C.1 Konfirmasi Bank'!$C$8) | K8: =IF('C.1 Konfirmasi Bank'!$C$9="","",'C.1 Konfirmasi Bank'!$C$9) | L8: C.1 Konfirmasi Bank
A9: C.2 | B9: Rekonsiliasi Bank | C9: PSP | D9: X | E9: X | F9: X | I9: =IF('C.2 Rekonsiliasi Bank'!$C$7="","Belum",'C.2 Rekonsiliasi Bank'!$C$7) | J9: =IF('C.2 Rekonsiliasi Bank'!$C$8="","",'C.2 Rekonsiliasi Bank'!$C$8) | K9: =IF('C.2 Rekonsiliasi Bank'!$C$9="","",'C.2 Rekonsiliasi Bank'!$C$9) | L9: C.2 Rekonsiliasi Bank
A10: C.3 | B10: Pisah Batas | C10: PSP | D10: X | F10: X | I10: =IF('C.3 Pisah Batas'!$C$7="","Belum",'C.3 Pisah Batas'!$C$7) | J10: =IF('C.3 Pisah Batas'!$C$8="","",'C.3 Pisah Batas'!$C$8) | K10: =IF('C.3 Pisah Batas'!$C$9="","",'C.3 Pisah Batas'!$C$9) | L10: C.3 Pisah Batas
A11: C.4 | B11: Valuasi | C11: PSP | E11: X | I11: =IF('C.4 Valuasi'!$C$7="","Belum",'C.4 Valuasi'!$C$7) | J11: =IF('C.4 Valuasi'!$C$8="","",'C.4 Valuasi'!$C$8) | K11: =IF('C.4 Valuasi'!$C$9="","",'C.4 Valuasi'!$C$9) | L11: C.4 Valuasi
A12: C.5 | B12: Cash Opname | C12: Tambahan | D12: X | F12: X | I12: =IF('C.5 Cash Opname'!$C$7="","Belum",'C.5 Cash Opname'!$C$7) | J12: =IF('C.5 Cash Opname'!$C$8="","",'C.5 Cash Opname'!$C$8) | K12: =IF('C.5 Cash Opname'!$C$9="","",'C.5 Cash Opname'!$C$9) | L12: C.5 Cash Opname
A13: C.6 | B13: Rekonsiliasi Setoran Kasir Outlet ke Night Audit | C13: Tambahan | D13: X | F13: X | I13: =IF('C.6 Rekonsiliasi Setoran Kasir'!$C$7="","Belum",'C.6 Rekonsiliasi Setoran Kasir'!$C$7) | J13: =IF('C.6 Rekonsiliasi Setoran Kasir'!$C$8="","",'C.6 Rekonsiliasi Setoran Kasir'!$C$8) | K13: =IF('C.6 Rekonsiliasi Setoran Kasir'!$C$9="","",'C.6 Rekonsiliasi Setoran Kasir'!$C$9) | L13: C.6 Rekonsiliasi Setoran Kasir
A15: Status dan hasil diisi di sheet KK anak masing-masing prosedur (sel kuning bagian A). Program ini dan jawaban asersi di Lead terisi otomatis.
A16: X = asersi yang dijawab prosedur (whitepaper Asersi dan Prosedur Audit Substantif Primer). Prosedur tambahan merespons risiko gabungan (CRA) dan karakter industri.

Sheet C.1 Konfirmasi Bank
C1: KAP Dwi Haryadi Nugraha & Rekan
C2: KK Anak C.1 · Konfirmasi Bank | H2: Indeks KK | I2: C.1
C3: Klien | H3: Disusun/Tgl
C4: Periode | D4: 31 Desember 2025 | H4: Direview/Tgl
A6: A. Status dan Hasil Prosedur
A7: Status | C7: Belum | D7: Asersi Dijawab | E7: E Keberadaan, V Penilaian, C Kelengkapan, R Hak dan Kewajiban, P Penyajian dan Pengungkapan
A8: Hasil | D8: Jenis | E8: PSP (Whitepaper)
A9: Ref AJE | D9: Dikerjakan Oleh/Tgl
A11: B. Langkah Kerja
A12: Kirim konfirmasi ke seluruh bank (termasuk rekening saldo nol dan yang ditutup selama tahun berjalan). Cocokkan saldo, fasilitas, jaminan, dan pembatasan dengan buku.
A14: C. Pengujian
A15: No | B15: Pihak Dikonfirmasi | C15: Saldo per Buku | D15: Tgl Kirim | E15: Tgl Terima | F15: Saldo per Konfirmasi | G15: Selisih | H15: Penjelasan / Prosedur Alternatif | I15: Tickmark
A16: 1 | G16: =IF(F16="","",F16-C16)
A17: 2 | G17: =IF(F17="","",F17-C17)
A18: 3 | G18: =IF(F18="","",F18-C18)
A19: 4 | G19: =IF(F19="","",F19-C19)
A20: 5 | G20: =IF(F20="","",F20-C20)
A21: 6 | G21: =IF(F21="","",F21-C21)
A22: 7 | G22: =IF(F22="","",F22-C22)
A23: 8 | G23: =IF(F23="","",F23-C23)
A24: 9 | G24: =IF(F24="","",F24-C24)
A25: 10 | G25: =IF(F25="","",F25-C25)
A26: 11 | G26: =IF(F26="","",F26-C26)
A27: 12 | G27: =IF(F27="","",F27-C27)
... A30: 15 | G30: =IF(F30="","",F30-C30)
B31: Jumlah | C31: =SUM(C16:C30) | F31: =SUM(F16:F30) | G31: =SUM(G16:G30)
B32: Konfirmasi Kembali (%) | C32: =IF(COUNTA(B16:B30)=0,"",COUNTA(E16:E30)/COUNTA(B16:B30))
A34: Kesimpulan Pengujian

Sheet C.2 Rekonsiliasi Bank
C1: KAP Dwi Haryadi Nugraha & Rekan
C2: KK Anak C.2 · Rekonsiliasi Bank | I2: Indeks KK | J2: C.2
C3: Klien | I3: Disusun/Tgl
C4: Periode | D4: 31 Desember 2025 | I4: Direview/Tgl
A6: A. Status dan Hasil Prosedur
A7: Status | C7: Belum | D7: Asersi Dijawab | E7: E Keberadaan, V Penilaian, C Kelengkapan
A8: Hasil | D8: Jenis | E8: PSP (Whitepaper)
A9: Ref AJE | D9: Dikerjakan Oleh/Tgl
A11: B. Langkah Kerja
A12: Uji rekonsiliasi bank per tanggal neraca: cocokkan saldo rekening koran dan buku, telusuri setoran dalam perjalanan dan cek beredar ke rekening koran bulan berikutnya.
A14: C. Pengujian
A15: No | B15: Bank / No. Rekening | C15: Saldo Rekening Koran | D15: Setoran dalam Perjalanan | E15: Cek/Giro Beredar | F15: Koreksi Lain | G15: Saldo Rekonsiliasi | H15: Saldo per Buku | I15: Selisih | J15: Keterangan
A16: 1 | G16: =C16+D16-E16+F16 | I16: =IF(H16="","",G16-H16)
A17: 2 | G17: =C17+D17-E17+F17 | I17: =IF(H17="","",G17-H17)
A18: 3 | G18: =C18+D18-E18+F18 | I18: =IF(H18="","",G18-H18)
A19: 4 | G19: =C19+D19-E19+F19 | I19: =IF(H19="","",G19-H19)
A20: 5 | G20: =C20+D20-E20+F20 | I20: =IF(H20="","",G20-H20)
A21: 6 | G21: =C21+D21-E21+F21 | I21: =IF(H21="","",G21-H21)
A22: 7 | G22: =C22+D22-E22+F22 | I22: =IF(H22="","",G22-H22)
A23: 8 | G23: =C23+D23-E23+F23 | I23: =IF(H23="","",G23-H23)
A24: 9 | G24: =C24+D24-E24+F24 | I24: =IF(H24="","",G24-H24)
A25: 10 | G25: =C25+D25-E25+F25 | I25: =IF(H25="","",G25-H25)
B26: Jumlah | C26: =SUM(C16:C25) | D26: =SUM(D16:D25) | E26: =SUM(E16:E25) | F26: =SUM(F16:F25) | G26: =SUM(G16:G25) | H26: =SUM(H16:H25) | I26: =SUM(I16:I25)
A28: Kesimpulan Pengujian

Sheet C.3 Pisah Batas
C1: KAP Dwi Haryadi Nugraha & Rekan
C2: KK Anak C.3 · Pisah Batas | H2: Indeks KK | I2: C.3
C3: Klien | H3: Disusun/Tgl
C4: Periode | D4: 31 Desember 2025 | H4: Direview/Tgl
A6: A. Status dan Hasil Prosedur
A7: Status | C7: Belum | D7: Asersi Dijawab | E7: E Keberadaan, C Kelengkapan
A8: Hasil | D8: Jenis | E8: PSP (Whitepaper)
A9: Ref AJE | D9: Dikerjakan Oleh/Tgl
A11: B. Langkah Kerja
A12: Uji transfer antarbank dan penerimaan/pengeluaran kas lima hari kerja sebelum dan sesudah tanggal neraca; pastikan dicatat pada periode yang tepat.
A14: C. Pengujian
A15: No | B15: Tanggal | C15: No. Dokumen | D15: Uraian | E15: Nilai | F15: Dicatat Periode | G15: Seharusnya Periode | H15: Hasil | I15: Keterangan
A16: 1 | H16: =IF(OR(F16="",G16=""),"",IF(F16=G16,"Sesuai","Salah Saji"))
A17: 2 | H17: =IF(OR(F17="",G17=""),"",IF(F17=G17,"Sesuai","Salah Saji"))
A18: 3 | H18: =IF(OR(F18="",G18=""),"",IF(F18=G18,"Sesuai","Salah Saji"))
A19: 4 | H19: =IF(OR(F19="",G19=""),"",IF(F19=G19,"Sesuai","Salah Saji"))
A20: 5 | H20: =IF(OR(F20="",G20=""),"",IF(F20=G20,"Sesuai","Salah Saji"))
A21: 6 | H21: =IF(OR(F21="",G21=""),"",IF(F21=G21,"Sesuai","Salah Saji"))
A22: 7 | H22: =IF(OR(F22="",G22=""),"",IF(F22=G22,"Sesuai","Salah Saji"))
A23: 8 | H23: =IF(OR(F23="",G23=""),"",IF(F23=G23,"Sesuai","Salah Saji"))
A24: 9 | H24: =IF(OR(F24="",G24=""),"",IF(F24=G24,"Sesuai","Salah Saji"))
A25: 10 | H25: =IF(OR(F25="",G25=""),"",IF(F25=G25,"Sesuai","Salah Saji"))
A26: 11 | H26: =IF(OR(F26="",G26=""),"",IF(F26=G26,"Sesuai","Salah Saji"))
A27: 12 | H27: =IF(OR(F27="",G27=""),"",IF(F27=G27,"Sesuai","Salah Saji"))
... A35: 20 | H35: =IF(OR(F35="",G35=""),"",IF(F35=G35,"Sesuai","Salah Saji"))
D36: Jumlah Salah Saji Pisah Batas | E36: =SUMIF(H16:H35,"Salah Saji",E16:E35)
A38: Kesimpulan Pengujian

Sheet C.4 Valuasi
C1: KAP Dwi Haryadi Nugraha & Rekan
C2: KK Anak C.4 · Valuasi | F2: Indeks KK | G2: C.4
C3: Klien | F3: Disusun/Tgl
C4: Periode | D4: 31 Desember 2025 | F4: Direview/Tgl
A6: A. Status dan Hasil Prosedur
A7: Status | C7: Belum | D7: Asersi Dijawab | E7: V Penilaian
A8: Hasil | D8: Jenis | E8: PSP (Whitepaper)
A9: Ref AJE | D9: Dikerjakan Oleh/Tgl
A11: B. Langkah Kerja
A12: Uji penjabaran saldo valuta asing dengan kurs tengah BI per tanggal neraca; rekalkulasi selisih kurs.
A14: C. Pengujian
A15: No | B15: Uraian / Dokumen | C15: Jumlah per Buku | D15: Jumlah per Bukti | E15: Selisih | F15: Tickmark | G15: Keterangan
A16: 1 | E16: =IF(D16="","",D16-C16)
A17: 2 | E17: =IF(D17="","",D17-C17)
A18: 3 | E18: =IF(D18="","",D18-C18)
A19: 4 | E19: =IF(D19="","",D19-C19)
A20: 5 | E20: =IF(D20="","",D20-C20)
A21: 6 | E21: =IF(D21="","",D21-C21)
A22: 7 | E22: =IF(D22="","",D22-C22)
A23: 8 | E23: =IF(D23="","",D23-C23)
A24: 9 | E24: =IF(D24="","",D24-C24)
A25: 10 | E25: =IF(D25="","",D25-C25)
A26: 11 | E26: =IF(D26="","",D26-C26)
A27: 12 | E27: =IF(D27="","",D27-C27)
... A35: 20 | E35: =IF(D35="","",D35-C35)
B36: Jumlah | C36: =SUM(C16:C35) | D36: =SUM(D16:D35) | E36: =SUM(E16:E35)
A38: Kesimpulan Pengujian

Sheet C.5 Cash Opname
C1: KAP Dwi Haryadi Nugraha & Rekan
C2: KK Anak C.5 · Cash Opname | F2: Indeks KK | G2: C.5
C3: Klien | F3: Disusun/Tgl
C4: Periode | D4: 31 Desember 2025 | F4: Direview/Tgl
A6: A. Status dan Hasil Prosedur
A7: Status | C7: Belum | D7: Asersi Dijawab | E7: E Keberadaan, C Kelengkapan
A8: Hasil | D8: Jenis | E8: Prosedur Tambahan
A9: Ref AJE | D9: Dikerjakan Oleh/Tgl
A11: B. Langkah Kerja
A12: Hitung fisik kas kecil dan kas di tangan secara mendadak di hadapan kasir; cocokkan dengan saldo buku dan bukti pengeluaran yang belum dipertanggungjawabkan.
A14: C. Pengujian
A15: Tanggal/Jam Opname | D15: Lokasi/Kasir
B17: Pecahan | C17: Jenis | D17: Nominal (Rp) | E17: Lembar/Keping | F17: Jumlah (Rp) | G17: Keterangan
B18: Rp100.000 | C18: Kertas | D18: 100000 | F18: =D18*E18
B19: Rp50.000 | C19: Kertas | D19: 50000 | F19: =D19*E19
B20: Rp20.000 | C20: Kertas | D20: 20000 | F20: =D20*E20
B21: Rp10.000 | C21: Kertas | D21: 10000 | F21: =D21*E21
B22: Rp5.000 | C22: Kertas | D22: 5000 | F22: =D22*E22
B23: Rp2.000 | C23: Kertas | D23: 2000 | F23: =D23*E23
B24: Rp1.000 | C24: Kertas | D24: 1000 | F24: =D24*E24
B25: Rp1.000 | C25: Logam | D25: 1000 | F25: =D25*E25
B26: Rp500 | C26: Logam | D26: 500 | F26: =D26*E26
B27: Rp200 | C27: Logam | D27: 200 | F27: =D27*E27
B28: Rp100 | C28: Logam | D28: 100 | F28: =D28*E28
B29: Total Uang Fisik | F29: =SUM(F18:F28)
B30: Bukti Pengeluaran Belum Dipertanggungjawabkan
B31: Total Kas Menurut Opname | F31: =F29+F30
B32: Saldo Kas Per Buku
B33: Selisih (Opname - Buku) | F33: =F31-F32
B34: Hasil Otomatis | F34: =IF(F32="","Isi saldo buku",IF(ABS(F33)<1,"Sesuai","Ada selisih, jelaskan"))
B36: Kasir
B37: Auditor
B38: Saksi (Manajemen)
A40: Kesimpulan Pengujian

Sheet C.6 Rekonsiliasi Setoran Kasir
C1: KAP Dwi Haryadi Nugraha & Rekan
C2: KK Anak C.6 · Rekonsiliasi Setoran Kasir Outlet ke Night Audit | F2: Indeks KK | G2: C.6
C3: Klien | F3: Disusun/Tgl
C4: Periode | D4: 31 Desember 2025 | F4: Direview/Tgl
A6: A. Status dan Hasil Prosedur
A7: Status | C7: Belum | D7: Asersi Dijawab | E7: E Keberadaan, C Kelengkapan
A8: Hasil | D8: Jenis | E8: Prosedur Tambahan
A9: Ref AJE | D9: Dikerjakan Oleh/Tgl
A11: B. Langkah Kerja
A12: Cocokkan setoran kasir front office dan outlet F&B dengan laporan night audit dan rekening koran.
A14: C. Pengujian
A15: No | B15: Uraian / Dokumen | C15: Jumlah per Buku | D15: Jumlah per Bukti | E15: Selisih | F15: Tickmark | G15: Keterangan
A16: 1 | E16: =IF(D16="","",D16-C16)
A17: 2 | E17: =IF(D17="","",D17-C17)
A18: 3 | E18: =IF(D18="","",D18-C18)
A19: 4 | E19: =IF(D19="","",D19-C19)
A20: 5 | E20: =IF(D20="","",D20-C20)
A21: 6 | E21: =IF(D21="","",D21-C21)
A22: 7 | E22: =IF(D22="","",D22-C22)
A23: 8 | E23: =IF(D23="","",D23-C23)
A24: 9 | E24: =IF(D24="","",D24-C24)
A25: 10 | E25: =IF(D25="","",D25-C25)
A26: 11 | E26: =IF(D26="","",D26-C26)
A27: 12 | E27: =IF(D27="","",D27-C27)
... A35: 20 | E35: =IF(D35="","",D35-C35)
B36: Jumlah | C36: =SUM(C16:C35) | D36: =SUM(D16:D35) | E36: =SUM(E16:E35)
A38: Kesimpulan Pengujian

Sheet Keterangan
C1: KAP Dwi Haryadi Nugraha & Rekan
C2: Keterangan Tickmark dan Kode | E2: Indeks KK | F2: Legend
C3: Klien | E3: Disusun/Tgl
C4: Periode | D4: 31 Desember 2025 | E4: Direview/Tgl
A6: Tickmark
C7: Tanda | D7: Arti
C8: ✓ | D8: Dicocokkan ke dokumen sumber
C9: ^ | D9: Footing (penjumlahan vertikal) benar
C10: < | D10: Cross-footing (penjumlahan horizontal) benar
C11: TB | D11: Cocok dengan neraca saldo
C12: GL | D12: Cocok dengan buku besar
C13: C | D13: Konfirmasi diterima dan sesuai
C14: C/X | D14: Konfirmasi diterima, ada selisih (lihat keterangan)
C15: PY | D15: Cocok dengan kertas kerja tahun lalu
C16: R | D16: Dihitung ulang (rekalkulasi) dan sesuai
C17: O | D17: Diobservasi / dihitung fisik
A19: Kode Jawaban Asersi
C20: Kode | D20: Arti
C21: T | D21: Terpenuhi
C22: T-K | D22: Terpenuhi setelah koreksi (AJE)
C23: TT | D23: Tidak terpenuhi, ada pengecualian yang belum selesai
C24: BD | D24: Belum diuji
C25: n/a | D25: Tidak relevan
A27: Rencana Uji
C28: Kode | D28: Arti
C29: √ | D29: Uji rinci (test of details)
C30: A | D30: Prosedur analitis substantif
C31: - | D31: Tidak diuji (risiko rendah atau tidak relevan)
A33: Sel berwarna kuning muda diisi auditor. Sel lain berisi rumus dan terkunci.
