Workbook

Sheet O Lead
C1: KAP Dwi Haryadi Nugraha & Rekan
C2: KK Induk O · Utang Pajak (PBJT & PPh) | I2: Indeks KK | J2: O
C3: Klien | I3: Disusun/Tgl
C4: Periode | D4: 31 Desember 2025 | I4: Direview/Tgl
A6: A. Lead Schedule
A7: PM Final (Rp) | E7: M/TM | F7: =IF($C$7="","",IF(ABS(F17)>=$C$7,"M","TM")) | G7: CRA
A8: Ref | B8: Sub-Akun | C8: 2024 Audit | D8: 2025 per Buku | E8: AJE | F8: 2025 Audit | G8: Naik (Turun) | H8: % | I8: Ref AJE | J8: Ref KK Anak
A9: O-1 | F9: =D9+E9 | G9: =F9-C9 | H9: =IF(C9=0,"",G9/C9)
A10: O-2 | F10: =D10+E10 | G10: =F10-C10 | H10: =IF(C10=0,"",G10/C10)
A11: O-3 | F11: =D11+E11 | G11: =F11-C11 | H11: =IF(C11=0,"",G11/C11)
A12: O-4 | F12: =D12+E12 | G12: =F12-C12 | H12: =IF(C12=0,"",G12/C12)
A13: O-5 | F13: =D13+E13 | G13: =F13-C13 | H13: =IF(C13=0,"",G13/C13)
A14: O-6 | F14: =D14+E14 | G14: =F14-C14 | H14: =IF(C14=0,"",G14/C14)
A15: O-7 | F15: =D15+E15 | G15: =F15-C15 | H15: =IF(C15=0,"",G15/C15)
A16: O-8 | F16: =D16+E16 | G16: =F16-C16 | H16: =IF(C16=0,"",G16/C16)
B17: Jumlah | C17: =SUM(C9:C16) | D17: =SUM(D9:D16) | E17: =SUM(E9:E16) | F17: =SUM(F9:F16) | G17: =SUM(G9:G16) | H17: =IF(C17=0,"",G17/C17)
A19: B. Jawaban Asersi (Otomatis dari Program dan KK Anak)
A20: Kode | B20: Asersi | C20: Dijawab oleh Prosedur | E20: Relevan | F20: Selesai | G20: Pengecualian | H20: Jawaban | I20: Ref AJE | J20: Catatan
A21: E | B21: Keberadaan | C21: O.1 | E21: =COUNTIF('O Program'!$D$8:$D$14,"X") | F21: =COUNTIFS('O Program'!$D$8:$D$14,"X",'O Program'!$I$8:$I$14,"Selesai") | G21: =COUNTIFS('O Program'!$D$8:$D$14,"X",'O Program'!$J$8:$J$14,"Pengecualian") | H21: =IF(E21=0,"n/a",IF(G21>0,"TT",IF(F21+COUNTIFS('O Program'!$D$8:$D$14,"X",'O Program'!$I$8:$I$14,"Tidak Relevan")<E21,"BD",IF(F21=0,"n/a",IF(COUNTIFS('O Program'!$D$8:$D$14,"X",'O Program'!$J$8:$J$14,"Koreksi (AJE)")>0,"T-K","T")))))
A22: V | B22: Penilaian | C22: O.2, O.3, O.4, O.5, O.6, O.7 | E22: =COUNTIF('O Program'!$E$8:$E$14,"X") | F22: =COUNTIFS('O Program'!$E$8:$E$14,"X",'O Program'!$I$8:$I$14,"Selesai") | G22: =COUNTIFS('O Program'!$E$8:$E$14,"X",'O Program'!$J$8:$J$14,"Pengecualian") | H22: =IF(E22=0,"n/a",IF(G22>0,"TT",IF(F22+COUNTIFS('O Program'!$E$8:$E$14,"X",'O Program'!$I$8:$I$14,"Tidak Relevan")<E22,"BD",IF(F22=0,"n/a",IF(COUNTIFS('O Program'!$E$8:$E$14,"X",'O Program'!$J$8:$J$14,"Koreksi (AJE)")>0,"T-K","T")))))
A23: C | B23: Kelengkapan | C23: O.1, O.4, O.7 | E23: =COUNTIF('O Program'!$F$8:$F$14,"X") | F23: =COUNTIFS('O Program'!$F$8:$F$14,"X",'O Program'!$I$8:$I$14,"Selesai") | G23: =COUNTIFS('O Program'!$F$8:$F$14,"X",'O Program'!$J$8:$J$14,"Pengecualian") | H23: =IF(E23=0,"n/a",IF(G23>0,"TT",IF(F23+COUNTIFS('O Program'!$F$8:$F$14,"X",'O Program'!$I$8:$I$14,"Tidak Relevan")<E23,"BD",IF(F23=0,"n/a",IF(COUNTIFS('O Program'!$F$8:$F$14,"X",'O Program'!$J$8:$J$14,"Koreksi (AJE)")>0,"T-K","T")))))
A24: R | B24: Hak dan Kewajiban | C24: O.3, O.5, O.6 | E24: =COUNTIF('O Program'!$G$8:$G$14,"X") | F24: =COUNTIFS('O Program'!$G$8:$G$14,"X",'O Program'!$I$8:$I$14,"Selesai") | G24: =COUNTIFS('O Program'!$G$8:$G$14,"X",'O Program'!$J$8:$J$14,"Pengecualian") | H24: =IF(E24=0,"n/a",IF(G24>0,"TT",IF(F24+COUNTIFS('O Program'!$G$8:$G$14,"X",'O Program'!$I$8:$I$14,"Tidak Relevan")<E24,"BD",IF(F24=0,"n/a",IF(COUNTIFS('O Program'!$G$8:$G$14,"X",'O Program'!$J$8:$J$14,"Koreksi (AJE)")>0,"T-K","T")))))
A25: P | B25: Penyajian dan Pengungkapan | C25: O.1, O.2, O.5, O.6 | E25: =COUNTIF('O Program'!$H$8:$H$14,"X") | F25: =COUNTIFS('O Program'!$H$8:$H$14,"X",'O Program'!$I$8:$I$14,"Selesai") | G25: =COUNTIFS('O Program'!$H$8:$H$14,"X",'O Program'!$J$8:$J$14,"Pengecualian") | H25: =IF(E25=0,"n/a",IF(G25>0,"TT",IF(F25+COUNTIFS('O Program'!$H$8:$H$14,"X",'O Program'!$I$8:$I$14,"Tidak Relevan")<E25,"BD",IF(F25=0,"n/a",IF(COUNTIFS('O Program'!$H$8:$H$14,"X",'O Program'!$J$8:$J$14,"Koreksi (AJE)")>0,"T-K","T")))))
A27: C. Kesimpulan Akun
A28: Status | C28: =IF(COUNTIF(H21:H25,"TT")>0,"Belum terpenuhi",IF(COUNTIF(H21:H25,"BD")+COUNTBLANK(H21:H25)>0,"Pengujian belum selesai",IF(COUNTIF(H21:H25,"T-K")>0,"Wajar setelah penyesuaian audit","Wajar, tidak ada salah saji")))
A29: Kesimpulan Auditor | C29: Berdasarkan prosedur audit yang dilaksanakan, saldo utang Pajak (PBJT & PPh) per 31 Desember 2025 disajikan wajar dalam semua hal yang material (sesuaikan).
A33: Jawaban: T terpenuhi, T-K terpenuhi setelah koreksi, TT ada pengecualian, BD belum semua prosedur relevan selesai. Hasil akun mengalir ke A-1.

Sheet O Program
C1: KAP Dwi Haryadi Nugraha & Rekan
C2: Program Prosedur Substantif O · Utang Pajak (PBJT & PPh) | K2: Indeks KK | L2: O
C3: Klien | K3: Disusun/Tgl
C4: Periode | D4: 31 Desember 2025 | K4: Direview/Tgl
A6: Prosedur Substantif Primer (Whitepaper) dan Prosedur Tambahan
A7: Ref | B7: Prosedur | C7: Jenis | D7: E | E7: V | F7: C | G7: R | H7: P | I7: Status | J7: Hasil | K7: Ref AJE | L7: Sheet KK Anak
A8: O.1 | B8: Rekonsiliasi Pendapatan Akuntansi dengan Pendapatan Pajak | C8: PSP | D8: X | F8: X | H8: X | I8: =IF('O.1 Rekonsiliasi Pendapatan'!$C$7="","Belum",'O.1 Rekonsiliasi Pendapatan'!$C$7) | J8: =IF('O.1 Rekonsiliasi Pendapatan'!$C$8="","",'O.1 Rekonsiliasi Pendapatan'!$C$8) | K8: =IF('O.1 Rekonsiliasi Pendapatan'!$C$9="","",'O.1 Rekonsiliasi Pendapatan'!$C$9) | L8: O.1 Rekonsiliasi Pendapatan
A9: O.2 | B9: Provisi untuk Pajak Penghasilan | C9: PSP | E9: X | H9: X | I9: =IF('O.2 Provisi untuk Pajak'!$C$7="","Belum",'O.2 Provisi untuk Pajak'!$C$7) | J9: =IF('O.2 Provisi untuk Pajak'!$C$8="","",'O.2 Provisi untuk Pajak'!$C$8) | K9: =IF('O.2 Provisi untuk Pajak'!$C$9="","",'O.2 Provisi untuk Pajak'!$C$9) | L9: O.2 Provisi untuk Pajak
A10: O.3 | B10: Penurunan Nilai Aset Pajak Tangguhan | C10: PSP | E10: X | G10: X | I10: =IF('O.3 Penurunan Nilai Aset Pajak'!$C$7="","Belum",'O.3 Penurunan Nilai Aset Pajak'!$C$7) | J10: =IF('O.3 Penurunan Nilai Aset Pajak'!$C$8="","",'O.3 Penurunan Nilai Aset Pajak'!$C$8) | K10: =IF('O.3 Penurunan Nilai Aset Pajak'!$C$9="","",'O.3 Penurunan Nilai Aset Pajak'!$C$9) | L10: O.3 Penurunan Nilai Aset Pajak
A11: O.4 | B11: Pergerakan Saldo Akun Pajak Penghasilan | C11: PSP | E11: X | F11: X | I11: =IF('O.4 Pergerakan Saldo Akun'!$C$7="","Belum",'O.4 Pergerakan Saldo Akun'!$C$7) | J11: =IF('O.4 Pergerakan Saldo Akun'!$C$8="","",'O.4 Pergerakan Saldo Akun'!$C$8) | K11: =IF('O.4 Pergerakan Saldo Akun'!$C$9="","",'O.4 Pergerakan Saldo Akun'!$C$9) | L11: O.4 Pergerakan Saldo Akun
A12: O.5 | B12: Provisi untuk Posisi Pajak Tertentu | C12: PSP | E12: X | G12: X | H12: X | I12: =IF('O.5 Provisi untuk Posisi Pajak'!$C$7="","Belum",'O.5 Provisi untuk Posisi Pajak'!$C$7) | J12: =IF('O.5 Provisi untuk Posisi Pajak'!$C$8="","",'O.5 Provisi untuk Posisi Pajak'!$C$8) | K12: =IF('O.5 Provisi untuk Posisi Pajak'!$C$9="","",'O.5 Provisi untuk Posisi Pajak'!$C$9) | L12: O.5 Provisi untuk Posisi Pajak
A13: O.6 | B13: Dasar Pencatatan Transaksi dengan Pihak Terkait | C13: PSP | E13: X | G13: X | H13: X | I13: =IF('O.6 Dasar Pencatatan Transaksi'!$C$7="","Belum",'O.6 Dasar Pencatatan Transaksi'!$C$7) | J13: =IF('O.6 Dasar Pencatatan Transaksi'!$C$8="","",'O.6 Dasar Pencatatan Transaksi'!$C$8) | K13: =IF('O.6 Dasar Pencatatan Transaksi'!$C$9="","",'O.6 Dasar Pencatatan Transaksi'!$C$9) | L13: O.6 Dasar Pencatatan Transaksi
A14: O.7 | B14: Rekonsiliasi PBJT ke Pendapatan | C14: Tambahan | E14: X | F14: X | I14: =IF('O.7 Rekonsiliasi PBJT ke'!$C$7="","Belum",'O.7 Rekonsiliasi PBJT ke'!$C$7) | J14: =IF('O.7 Rekonsiliasi PBJT ke'!$C$8="","",'O.7 Rekonsiliasi PBJT ke'!$C$8) | K14: =IF('O.7 Rekonsiliasi PBJT ke'!$C$9="","",'O.7 Rekonsiliasi PBJT ke'!$C$9) | L14: O.7 Rekonsiliasi PBJT ke
A16: Status dan hasil diisi di sheet KK anak masing-masing prosedur (sel kuning bagian A). Program ini dan jawaban asersi di Lead terisi otomatis.
A17: X = asersi yang dijawab prosedur (whitepaper Asersi dan Prosedur Audit Substantif Primer). Prosedur tambahan merespons risiko gabungan (CRA) dan karakter industri.

Sheet O.1 Rekonsiliasi Pendapatan
C1: KAP Dwi Haryadi Nugraha & Rekan
C2: KK Anak O.1 · Rekonsiliasi Pendapatan Akuntansi dengan Pendapatan Pajak | F2: Indeks KK | G2: O.1
C3: Klien | F3: Disusun/Tgl
C4: Periode | D4: 31 Desember 2025 | F4: Direview/Tgl
A6: A. Status dan Hasil Prosedur
A7: Status | C7: Belum | D7: Asersi Dijawab | E7: E Keberadaan, C Kelengkapan, P Penyajian dan Pengungkapan
A8: Hasil | D8: Jenis | E8: PSP (Whitepaper)
A9: Ref AJE | D9: Dikerjakan Oleh/Tgl
A11: B. Langkah Kerja
A12: Uji rekonsiliasi fiskal: laba akuntansi ke penghasilan kena pajak, beda tetap dan beda temporer.
A14: C. Pengujian
A15: No | B15: Uraian / Dokumen | C15: Jumlah per Buku | D15: Jumlah per Bukti | E15: Selisih | F15: Tickmark | G15: Keterangan
A16: 1 | E16: =IF(D16="","",D16-C16)
A17: 2 | E17: =IF(D17="","",D17-C17)
A18: 3 | E18: =IF(D18="","",D18-C18)
A19: 4 | E19: =IF(D19="","",D19-C19)
A20: 5 | E20: =IF(D20="","",D20-C20)
A21: 6 | E21: =IF(D21="","",D21-C21)
A22: 7 | E22: =IF(D22="","",D22-C22)
A23: 8 | E23: =IF(D23="","",D23-C23)
A24: 9 | E24: =IF(D24="","",D24-C24)
A25: 10 | E25: =IF(D25="","",D25-C25)
A26: 11 | E26: =IF(D26="","",D26-C26)
A27: 12 | E27: =IF(D27="","",D27-C27)
... A35: 20 | E35: =IF(D35="","",D35-C35)
B36: Jumlah | C36: =SUM(C16:C35) | D36: =SUM(D16:D35) | E36: =SUM(E16:E35)
A38: Kesimpulan Pengujian

Sheet O.2 Provisi untuk Pajak
C1: KAP Dwi Haryadi Nugraha & Rekan
C2: KK Anak O.2 · Provisi untuk Pajak Penghasilan | F2: Indeks KK | G2: O.2
C3: Klien | F3: Disusun/Tgl
C4: Periode | D4: 31 Desember 2025 | F4: Direview/Tgl
A6: A. Status dan Hasil Prosedur
A7: Status | C7: Belum | D7: Asersi Dijawab | E7: V Penilaian, P Penyajian dan Pengungkapan
A8: Hasil | D8: Jenis | E8: PSP (Whitepaper)
A9: Ref AJE | D9: Dikerjakan Oleh/Tgl
A11: B. Langkah Kerja
A12: Rekalkulasi pajak kini dan utang pajak; cocokkan dengan SPT dan pembayaran.
A14: C. Pengujian
A15: No | B15: Uraian / Dokumen | C15: Jumlah per Buku | D15: Jumlah per Bukti | E15: Selisih | F15: Tickmark | G15: Keterangan
A16: 1 | E16: =IF(D16="","",D16-C16)
A17: 2 | E17: =IF(D17="","",D17-C17)
A18: 3 | E18: =IF(D18="","",D18-C18)
A19: 4 | E19: =IF(D19="","",D19-C19)
A20: 5 | E20: =IF(D20="","",D20-C20)
A21: 6 | E21: =IF(D21="","",D21-C21)
A22: 7 | E22: =IF(D22="","",D22-C22)
A23: 8 | E23: =IF(D23="","",D23-C23)
A24: 9 | E24: =IF(D24="","",D24-C24)
A25: 10 | E25: =IF(D25="","",D25-C25)
A26: 11 | E26: =IF(D26="","",D26-C26)
A27: 12 | E27: =IF(D27="","",D27-C27)
... A35: 20 | E35: =IF(D35="","",D35-C35)
B36: Jumlah | C36: =SUM(C16:C35) | D36: =SUM(D16:D35) | E36: =SUM(E16:E35)
A38: Kesimpulan Pengujian

Sheet O.3 Penurunan Nilai Aset Pajak
C1: KAP Dwi Haryadi Nugraha & Rekan
C2: KK Anak O.3 · Penurunan Nilai Aset Pajak Tangguhan | F2: Indeks KK | G2: O.3
C3: Klien | F3: Disusun/Tgl
C4: Periode | D4: 31 Desember 2025 | F4: Direview/Tgl
A6: A. Status dan Hasil Prosedur
A7: Status | C7: Belum | D7: Asersi Dijawab | E7: V Penilaian, R Hak dan Kewajiban
A8: Hasil | D8: Jenis | E8: PSP (Whitepaper)
A9: Ref AJE | D9: Dikerjakan Oleh/Tgl
A11: B. Langkah Kerja
A12: Evaluasi keterpulihan aset pajak tangguhan berdasarkan proyeksi laba fiskal.
A14: C. Pengujian
A15: No | B15: Uraian / Dokumen | C15: Jumlah per Buku | D15: Jumlah per Bukti | E15: Selisih | F15: Tickmark | G15: Keterangan
A16: 1 | E16: =IF(D16="","",D16-C16)
A17: 2 | E17: =IF(D17="","",D17-C17)
A18: 3 | E18: =IF(D18="","",D18-C18)
A19: 4 | E19: =IF(D19="","",D19-C19)
A20: 5 | E20: =IF(D20="","",D20-C20)
A21: 6 | E21: =IF(D21="","",D21-C21)
A22: 7 | E22: =IF(D22="","",D22-C22)
A23: 8 | E23: =IF(D23="","",D23-C23)
A24: 9 | E24: =IF(D24="","",D24-C24)
A25: 10 | E25: =IF(D25="","",D25-C25)
A26: 11 | E26: =IF(D26="","",D26-C26)
A27: 12 | E27: =IF(D27="","",D27-C27)
... A35: 20 | E35: =IF(D35="","",D35-C35)
B36: Jumlah | C36: =SUM(C16:C35) | D36: =SUM(D16:D35) | E36: =SUM(E16:E35)
A38: Kesimpulan Pengujian

Sheet O.4 Pergerakan Saldo Akun
C1: KAP Dwi Haryadi Nugraha & Rekan
C2: KK Anak O.4 · Pergerakan Saldo Akun Pajak Penghasilan | E2: Indeks KK | F2: O.4
C3: Klien | E3: Disusun/Tgl
C4: Periode | D4: 31 Desember 2025 | E4: Direview/Tgl
A6: A. Status dan Hasil Prosedur
A7: Status | C7: Belum | D7: Asersi Dijawab | E7: V Penilaian, C Kelengkapan
A8: Hasil | D8: Jenis | E8: PSP (Whitepaper)
A9: Ref AJE | D9: Dikerjakan Oleh/Tgl
A11: B. Langkah Kerja
A12: Susun mutasi saldo utang/piutang pajak: saldo awal + beban - pembayaran = saldo akhir.
A14: C. Pengujian
A15: No | B15: Uraian | C15: Jumlah | D15: Sumber / Ref | E15: Tickmark | F15: Keterangan
A16: 1 | B16: Saldo Awal (Audit Tahun Lalu)
A17: 2 | B17: Penambahan
A18: 3 | B18: Pengurangan
A19: 4 | B19: Penyesuaian Lain
B20: Saldo Akhir Dihitung | C20: =C16+C17-C18+C19
B21: Saldo Akhir Per Buku
B22: Selisih | C22: =IF(C21="","",C20-C21)
A24: Kesimpulan Pengujian

Sheet O.5 Provisi untuk Posisi Pajak
C1: KAP Dwi Haryadi Nugraha & Rekan
C2: KK Anak O.5 · Provisi untuk Posisi Pajak Tertentu | F2: Indeks KK | G2: O.5
C3: Klien | F3: Disusun/Tgl
C4: Periode | D4: 31 Desember 2025 | F4: Direview/Tgl
A6: A. Status dan Hasil Prosedur
A7: Status | C7: Belum | D7: Asersi Dijawab | E7: V Penilaian, R Hak dan Kewajiban, P Penyajian dan Pengungkapan
A8: Hasil | D8: Jenis | E8: PSP (Whitepaper)
A9: Ref AJE | D9: Dikerjakan Oleh/Tgl
A11: B. Langkah Kerja
A12: Reviu SKP, keberatan, banding, dan posisi pajak tidak pasti; evaluasi provisi dan pengungkapannya.
A14: C. Pengujian
A15: No | B15: Uraian / Dokumen | C15: Jumlah per Buku | D15: Jumlah per Bukti | E15: Selisih | F15: Tickmark | G15: Keterangan
A16: 1 | E16: =IF(D16="","",D16-C16)
A17: 2 | E17: =IF(D17="","",D17-C17)
A18: 3 | E18: =IF(D18="","",D18-C18)
A19: 4 | E19: =IF(D19="","",D19-C19)
A20: 5 | E20: =IF(D20="","",D20-C20)
A21: 6 | E21: =IF(D21="","",D21-C21)
A22: 7 | E22: =IF(D22="","",D22-C22)
A23: 8 | E23: =IF(D23="","",D23-C23)
A24: 9 | E24: =IF(D24="","",D24-C24)
A25: 10 | E25: =IF(D25="","",D25-C25)
A26: 11 | E26: =IF(D26="","",D26-C26)
A27: 12 | E27: =IF(D27="","",D27-C27)
... A35: 20 | E35: =IF(D35="","",D35-C35)
B36: Jumlah | C36: =SUM(C16:C35) | D36: =SUM(D16:D35) | E36: =SUM(E16:E35)
A38: Kesimpulan Pengujian

Sheet O.6 Dasar Pencatatan Transaksi
C1: KAP Dwi Haryadi Nugraha & Rekan
C2: KK Anak O.6 · Dasar Pencatatan Transaksi dengan Pihak Terkait | F2: Indeks KK | G2: O.6
C3: Klien | F3: Disusun/Tgl
C4: Periode | D4: 31 Desember 2025 | F4: Direview/Tgl
A6: A. Status dan Hasil Prosedur
A7: Status | C7: Belum | D7: Asersi Dijawab | E7: V Penilaian, R Hak dan Kewajiban, P Penyajian dan Pengungkapan
A8: Hasil | D8: Jenis | E8: PSP (Whitepaper)
A9: Ref AJE | D9: Dikerjakan Oleh/Tgl
A11: B. Langkah Kerja
A12: Evaluasi dokumentasi transfer pricing dan perlakuan pajak transaksi pihak berelasi.
A14: C. Pengujian
A15: No | B15: Uraian / Dokumen | C15: Jumlah per Buku | D15: Jumlah per Bukti | E15: Selisih | F15: Tickmark | G15: Keterangan
A16: 1 | E16: =IF(D16="","",D16-C16)
A17: 2 | E17: =IF(D17="","",D17-C17)
A18: 3 | E18: =IF(D18="","",D18-C18)
A19: 4 | E19: =IF(D19="","",D19-C19)
A20: 5 | E20: =IF(D20="","",D20-C20)
A21: 6 | E21: =IF(D21="","",D21-C21)
A22: 7 | E22: =IF(D22="","",D22-C22)
A23: 8 | E23: =IF(D23="","",D23-C23)
A24: 9 | E24: =IF(D24="","",D24-C24)
A25: 10 | E25: =IF(D25="","",D25-C25)
A26: 11 | E26: =IF(D26="","",D26-C26)
A27: 12 | E27: =IF(D27="","",D27-C27)
... A35: 20 | E35: =IF(D35="","",D35-C35)
B36: Jumlah | C36: =SUM(C16:C35) | D36: =SUM(D16:D35) | E36: =SUM(E16:E35)
A38: Kesimpulan Pengujian

Sheet O.7 Rekonsiliasi PBJT ke
C1: KAP Dwi Haryadi Nugraha & Rekan
C2: KK Anak O.7 · Rekonsiliasi PBJT ke Pendapatan | F2: Indeks KK | G2: O.7
C3: Klien | F3: Disusun/Tgl
C4: Periode | D4: 31 Desember 2025 | F4: Direview/Tgl
A6: A. Status dan Hasil Prosedur
A7: Status | C7: Belum | D7: Asersi Dijawab | E7: V Penilaian, C Kelengkapan
A8: Hasil | D8: Jenis | E8: Prosedur Tambahan
A9: Ref AJE | D9: Dikerjakan Oleh/Tgl
A11: B. Langkah Kerja
A12: Cocokkan dasar pengenaan PBJT dengan pendapatan kamar dan F&B; uji SSPD.
A14: C. Pengujian
A15: No | B15: Uraian / Dokumen | C15: Jumlah per Buku | D15: Jumlah per Bukti | E15: Selisih | F15: Tickmark | G15: Keterangan
A16: 1 | E16: =IF(D16="","",D16-C16)
A17: 2 | E17: =IF(D17="","",D17-C17)
A18: 3 | E18: =IF(D18="","",D18-C18)
A19: 4 | E19: =IF(D19="","",D19-C19)
A20: 5 | E20: =IF(D20="","",D20-C20)
A21: 6 | E21: =IF(D21="","",D21-C21)
A22: 7 | E22: =IF(D22="","",D22-C22)
A23: 8 | E23: =IF(D23="","",D23-C23)
A24: 9 | E24: =IF(D24="","",D24-C24)
A25: 10 | E25: =IF(D25="","",D25-C25)
A26: 11 | E26: =IF(D26="","",D26-C26)
A27: 12 | E27: =IF(D27="","",D27-C27)
... A35: 20 | E35: =IF(D35="","",D35-C35)
B36: Jumlah | C36: =SUM(C16:C35) | D36: =SUM(D16:D35) | E36: =SUM(E16:E35)
A38: Kesimpulan Pengujian

Sheet Keterangan
C1: KAP Dwi Haryadi Nugraha & Rekan
C2: Keterangan Tickmark dan Kode | E2: Indeks KK | F2: Legend
C3: Klien | E3: Disusun/Tgl
C4: Periode | D4: 31 Desember 2025 | E4: Direview/Tgl
A6: Tickmark
C7: Tanda | D7: Arti
C8: ✓ | D8: Dicocokkan ke dokumen sumber
C9: ^ | D9: Footing (penjumlahan vertikal) benar
C10: < | D10: Cross-footing (penjumlahan horizontal) benar
C11: TB | D11: Cocok dengan neraca saldo
C12: GL | D12: Cocok dengan buku besar
C13: C | D13: Konfirmasi diterima dan sesuai
C14: C/X | D14: Konfirmasi diterima, ada selisih (lihat keterangan)
C15: PY | D15: Cocok dengan kertas kerja tahun lalu
C16: R | D16: Dihitung ulang (rekalkulasi) dan sesuai
C17: O | D17: Diobservasi / dihitung fisik
A19: Kode Jawaban Asersi
C20: Kode | D20: Arti
C21: T | D21: Terpenuhi
C22: T-K | D22: Terpenuhi setelah koreksi (AJE)
C23: TT | D23: Tidak terpenuhi, ada pengecualian yang belum selesai
C24: BD | D24: Belum diuji
C25: n/a | D25: Tidak relevan
A27: Rencana Uji
C28: Kode | D28: Arti
C29: √ | D29: Uji rinci (test of details)
C30: A | D30: Prosedur analitis substantif
C31: - | D31: Tidak diuji (risiko rendah atau tidak relevan)
A33: Sel berwarna kuning muda diisi auditor. Sel lain berisi rumus dan terkunci.
