Workbook

Sheet M Lead
C1: KAP Dwi Haryadi Nugraha & Rekan
C2: KK Induk M · Utang Bank | I2: Indeks KK | J2: M
C3: Klien | I3: Disusun/Tgl
C4: Periode | D4: 31 Desember 2025 | I4: Direview/Tgl
A6: A. Lead Schedule
A7: PM Final (Rp) | E7: M/TM | F7: =IF($C$7="","",IF(ABS(F17)>=$C$7,"M","TM")) | G7: CRA
A8: Ref | B8: Sub-Akun | C8: 2024 Audit | D8: 2025 per Buku | E8: AJE | F8: 2025 Audit | G8: Naik (Turun) | H8: % | I8: Ref AJE | J8: Ref KK Anak
A9: M-1 | F9: =D9+E9 | G9: =F9-C9 | H9: =IF(C9=0,"",G9/C9)
A10: M-2 | F10: =D10+E10 | G10: =F10-C10 | H10: =IF(C10=0,"",G10/C10)
A11: M-3 | F11: =D11+E11 | G11: =F11-C11 | H11: =IF(C11=0,"",G11/C11)
A12: M-4 | F12: =D12+E12 | G12: =F12-C12 | H12: =IF(C12=0,"",G12/C12)
A13: M-5 | F13: =D13+E13 | G13: =F13-C13 | H13: =IF(C13=0,"",G13/C13)
A14: M-6 | F14: =D14+E14 | G14: =F14-C14 | H14: =IF(C14=0,"",G14/C14)
A15: M-7 | F15: =D15+E15 | G15: =F15-C15 | H15: =IF(C15=0,"",G15/C15)
A16: M-8 | F16: =D16+E16 | G16: =F16-C16 | H16: =IF(C16=0,"",G16/C16)
B17: Jumlah | C17: =SUM(C9:C16) | D17: =SUM(D9:D16) | E17: =SUM(E9:E16) | F17: =SUM(F9:F16) | G17: =SUM(G9:G16) | H17: =IF(C17=0,"",G17/C17)
A19: B. Jawaban Asersi (Otomatis dari Program dan KK Anak)
A20: Kode | B20: Asersi | C20: Dijawab oleh Prosedur | E20: Relevan | F20: Selesai | G20: Pengecualian | H20: Jawaban | I20: Ref AJE | J20: Catatan
A21: E | B21: Keberadaan | C21: M.1, M.2 | E21: =COUNTIF('M Program'!$D$8:$D$10,"X") | F21: =COUNTIFS('M Program'!$D$8:$D$10,"X",'M Program'!$I$8:$I$10,"Selesai") | G21: =COUNTIFS('M Program'!$D$8:$D$10,"X",'M Program'!$J$8:$J$10,"Pengecualian") | H21: =IF(E21=0,"n/a",IF(G21>0,"TT",IF(F21+COUNTIFS('M Program'!$D$8:$D$10,"X",'M Program'!$I$8:$I$10,"Tidak Relevan")<E21,"BD",IF(F21=0,"n/a",IF(COUNTIFS('M Program'!$D$8:$D$10,"X",'M Program'!$J$8:$J$10,"Koreksi (AJE)")>0,"T-K","T")))))
A22: V | B22: Penilaian | C22: M.1, M.2, M.3 | E22: =COUNTIF('M Program'!$E$8:$E$10,"X") | F22: =COUNTIFS('M Program'!$E$8:$E$10,"X",'M Program'!$I$8:$I$10,"Selesai") | G22: =COUNTIFS('M Program'!$E$8:$E$10,"X",'M Program'!$J$8:$J$10,"Pengecualian") | H22: =IF(E22=0,"n/a",IF(G22>0,"TT",IF(F22+COUNTIFS('M Program'!$E$8:$E$10,"X",'M Program'!$I$8:$I$10,"Tidak Relevan")<E22,"BD",IF(F22=0,"n/a",IF(COUNTIFS('M Program'!$E$8:$E$10,"X",'M Program'!$J$8:$J$10,"Koreksi (AJE)")>0,"T-K","T")))))
A23: C | B23: Kelengkapan | C23: M.1, M.2 | E23: =COUNTIF('M Program'!$F$8:$F$10,"X") | F23: =COUNTIFS('M Program'!$F$8:$F$10,"X",'M Program'!$I$8:$I$10,"Selesai") | G23: =COUNTIFS('M Program'!$F$8:$F$10,"X",'M Program'!$J$8:$J$10,"Pengecualian") | H23: =IF(E23=0,"n/a",IF(G23>0,"TT",IF(F23+COUNTIFS('M Program'!$F$8:$F$10,"X",'M Program'!$I$8:$I$10,"Tidak Relevan")<E23,"BD",IF(F23=0,"n/a",IF(COUNTIFS('M Program'!$F$8:$F$10,"X",'M Program'!$J$8:$J$10,"Koreksi (AJE)")>0,"T-K","T")))))
A24: R | B24: Hak dan Kewajiban | C24: M.1, M.2, M.3 | E24: =COUNTIF('M Program'!$G$8:$G$10,"X") | F24: =COUNTIFS('M Program'!$G$8:$G$10,"X",'M Program'!$I$8:$I$10,"Selesai") | G24: =COUNTIFS('M Program'!$G$8:$G$10,"X",'M Program'!$J$8:$J$10,"Pengecualian") | H24: =IF(E24=0,"n/a",IF(G24>0,"TT",IF(F24+COUNTIFS('M Program'!$G$8:$G$10,"X",'M Program'!$I$8:$I$10,"Tidak Relevan")<E24,"BD",IF(F24=0,"n/a",IF(COUNTIFS('M Program'!$G$8:$G$10,"X",'M Program'!$J$8:$J$10,"Koreksi (AJE)")>0,"T-K","T")))))
A25: P | B25: Penyajian dan Pengungkapan | C25: M.1, M.2, M.3 | E25: =COUNTIF('M Program'!$H$8:$H$10,"X") | F25: =COUNTIFS('M Program'!$H$8:$H$10,"X",'M Program'!$I$8:$I$10,"Selesai") | G25: =COUNTIFS('M Program'!$H$8:$H$10,"X",'M Program'!$J$8:$J$10,"Pengecualian") | H25: =IF(E25=0,"n/a",IF(G25>0,"TT",IF(F25+COUNTIFS('M Program'!$H$8:$H$10,"X",'M Program'!$I$8:$I$10,"Tidak Relevan")<E25,"BD",IF(F25=0,"n/a",IF(COUNTIFS('M Program'!$H$8:$H$10,"X",'M Program'!$J$8:$J$10,"Koreksi (AJE)")>0,"T-K","T")))))
A27: C. Kesimpulan Akun
A28: Status | C28: =IF(COUNTIF(H21:H25,"TT")>0,"Belum terpenuhi",IF(COUNTIF(H21:H25,"BD")+COUNTBLANK(H21:H25)>0,"Pengujian belum selesai",IF(COUNTIF(H21:H25,"T-K")>0,"Wajar setelah penyesuaian audit","Wajar, tidak ada salah saji")))
A29: Kesimpulan Auditor | C29: Berdasarkan prosedur audit yang dilaksanakan, saldo utang Bank per 31 Desember 2025 disajikan wajar dalam semua hal yang material (sesuaikan).
A33: Jawaban: T terpenuhi, T-K terpenuhi setelah koreksi, TT ada pengecualian, BD belum semua prosedur relevan selesai. Hasil akun mengalir ke A-1.

Sheet M Program
C1: KAP Dwi Haryadi Nugraha & Rekan
C2: Program Prosedur Substantif M · Utang Bank | K2: Indeks KK | L2: M
C3: Klien | K3: Disusun/Tgl
C4: Periode | D4: 31 Desember 2025 | K4: Direview/Tgl
A6: Prosedur Substantif Primer (Whitepaper) dan Prosedur Tambahan
A7: Ref | B7: Prosedur | C7: Jenis | D7: E | E7: V | F7: C | G7: R | H7: P | I7: Status | J7: Hasil | K7: Ref AJE | L7: Sheet KK Anak
A8: M.1 | B8: Verifikasi Pinjaman dan Kewajiban Terkait | C8: PSP | D8: X | E8: X | F8: X | G8: X | H8: X | I8: =IF('M.1 Verifikasi Pinjaman dan'!$C$7="","Belum",'M.1 Verifikasi Pinjaman dan'!$C$7) | J8: =IF('M.1 Verifikasi Pinjaman dan'!$C$8="","",'M.1 Verifikasi Pinjaman dan'!$C$8) | K8: =IF('M.1 Verifikasi Pinjaman dan'!$C$9="","",'M.1 Verifikasi Pinjaman dan'!$C$9) | L8: M.1 Verifikasi Pinjaman dan
A9: M.2 | B9: Inspeksi Kontrak | C9: PSP | D9: X | E9: X | F9: X | G9: X | H9: X | I9: =IF('M.2 Inspeksi Kontrak'!$C$7="","Belum",'M.2 Inspeksi Kontrak'!$C$7) | J9: =IF('M.2 Inspeksi Kontrak'!$C$8="","",'M.2 Inspeksi Kontrak'!$C$8) | K9: =IF('M.2 Inspeksi Kontrak'!$C$9="","",'M.2 Inspeksi Kontrak'!$C$9) | L9: M.2 Inspeksi Kontrak
A10: M.3 | B10: Kepatuhan terhadap Ketentuan Kontrak | C10: PSP | E10: X | G10: X | H10: X | I10: =IF('M.3 Kepatuhan terhadap'!$C$7="","Belum",'M.3 Kepatuhan terhadap'!$C$7) | J10: =IF('M.3 Kepatuhan terhadap'!$C$8="","",'M.3 Kepatuhan terhadap'!$C$8) | K10: =IF('M.3 Kepatuhan terhadap'!$C$9="","",'M.3 Kepatuhan terhadap'!$C$9) | L10: M.3 Kepatuhan terhadap
A12: Status dan hasil diisi di sheet KK anak masing-masing prosedur (sel kuning bagian A). Program ini dan jawaban asersi di Lead terisi otomatis.
A13: X = asersi yang dijawab prosedur (whitepaper Asersi dan Prosedur Audit Substantif Primer). Prosedur tambahan merespons risiko gabungan (CRA) dan karakter industri.

Sheet M.1 Verifikasi Pinjaman dan
C1: KAP Dwi Haryadi Nugraha & Rekan
C2: KK Anak M.1 · Verifikasi Pinjaman dan Kewajiban Terkait | H2: Indeks KK | I2: M.1
C3: Klien | H3: Disusun/Tgl
C4: Periode | D4: 31 Desember 2025 | H4: Direview/Tgl
A6: A. Status dan Hasil Prosedur
A7: Status | C7: Belum | D7: Asersi Dijawab | E7: E Keberadaan, V Penilaian, C Kelengkapan, R Hak dan Kewajiban, P Penyajian dan Pengungkapan
A8: Hasil | D8: Jenis | E8: PSP (Whitepaper)
A9: Ref AJE | D9: Dikerjakan Oleh/Tgl
A11: B. Langkah Kerja
A12: Konfirmasi saldo pinjaman, bunga terutang, jaminan, dan fasilitas ke kreditur.
A14: C. Pengujian
A15: No | B15: Pihak Dikonfirmasi | C15: Saldo per Buku | D15: Tgl Kirim | E15: Tgl Terima | F15: Saldo per Konfirmasi | G15: Selisih | H15: Penjelasan / Prosedur Alternatif | I15: Tickmark
A16: 1 | G16: =IF(F16="","",F16-C16)
A17: 2 | G17: =IF(F17="","",F17-C17)
A18: 3 | G18: =IF(F18="","",F18-C18)
A19: 4 | G19: =IF(F19="","",F19-C19)
A20: 5 | G20: =IF(F20="","",F20-C20)
A21: 6 | G21: =IF(F21="","",F21-C21)
A22: 7 | G22: =IF(F22="","",F22-C22)
A23: 8 | G23: =IF(F23="","",F23-C23)
A24: 9 | G24: =IF(F24="","",F24-C24)
A25: 10 | G25: =IF(F25="","",F25-C25)
A26: 11 | G26: =IF(F26="","",F26-C26)
A27: 12 | G27: =IF(F27="","",F27-C27)
... A30: 15 | G30: =IF(F30="","",F30-C30)
B31: Jumlah | C31: =SUM(C16:C30) | F31: =SUM(F16:F30) | G31: =SUM(G16:G30)
B32: Konfirmasi Kembali (%) | C32: =IF(COUNTA(B16:B30)=0,"",COUNTA(E16:E30)/COUNTA(B16:B30))
A34: Kesimpulan Pengujian

Sheet M.2 Inspeksi Kontrak
C1: KAP Dwi Haryadi Nugraha & Rekan
C2: KK Anak M.2 · Inspeksi Kontrak | F2: Indeks KK | G2: M.2
C3: Klien | F3: Disusun/Tgl
C4: Periode | D4: 31 Desember 2025 | F4: Direview/Tgl
A6: A. Status dan Hasil Prosedur
A7: Status | C7: Belum | D7: Asersi Dijawab | E7: E Keberadaan, V Penilaian, C Kelengkapan, R Hak dan Kewajiban, P Penyajian dan Pengungkapan
A8: Hasil | D8: Jenis | E8: PSP (Whitepaper)
A9: Ref AJE | D9: Dikerjakan Oleh/Tgl
A11: B. Langkah Kerja
A12: Baca perjanjian kredit: jumlah, jangka waktu, bunga, jaminan, dan klasifikasi jangka pendek/panjang.
A14: C. Pengujian
A15: No | B15: Uraian / Dokumen | C15: Jumlah per Buku | D15: Jumlah per Bukti | E15: Selisih | F15: Tickmark | G15: Keterangan
A16: 1 | E16: =IF(D16="","",D16-C16)
A17: 2 | E17: =IF(D17="","",D17-C17)
A18: 3 | E18: =IF(D18="","",D18-C18)
A19: 4 | E19: =IF(D19="","",D19-C19)
A20: 5 | E20: =IF(D20="","",D20-C20)
A21: 6 | E21: =IF(D21="","",D21-C21)
A22: 7 | E22: =IF(D22="","",D22-C22)
A23: 8 | E23: =IF(D23="","",D23-C23)
A24: 9 | E24: =IF(D24="","",D24-C24)
A25: 10 | E25: =IF(D25="","",D25-C25)
A26: 11 | E26: =IF(D26="","",D26-C26)
A27: 12 | E27: =IF(D27="","",D27-C27)
... A35: 20 | E35: =IF(D35="","",D35-C35)
B36: Jumlah | C36: =SUM(C16:C35) | D36: =SUM(D16:D35) | E36: =SUM(E16:E35)
A38: Kesimpulan Pengujian

Sheet M.3 Kepatuhan terhadap
C1: KAP Dwi Haryadi Nugraha & Rekan
C2: KK Anak M.3 · Kepatuhan terhadap Ketentuan Kontrak | F2: Indeks KK | G2: M.3
C3: Klien | F3: Disusun/Tgl
C4: Periode | D4: 31 Desember 2025 | F4: Direview/Tgl
A6: A. Status dan Hasil Prosedur
A7: Status | C7: Belum | D7: Asersi Dijawab | E7: V Penilaian, R Hak dan Kewajiban, P Penyajian dan Pengungkapan
A8: Hasil | D8: Jenis | E8: PSP (Whitepaper)
A9: Ref AJE | D9: Dikerjakan Oleh/Tgl
A11: B. Langkah Kerja
A12: Uji kepatuhan financial covenant per tanggal neraca; evaluasi dampak pelanggaran terhadap klasifikasi dan pengungkapan.
A14: C. Pengujian
A15: No | B15: Uraian / Dokumen | C15: Jumlah per Buku | D15: Jumlah per Bukti | E15: Selisih | F15: Tickmark | G15: Keterangan
A16: 1 | E16: =IF(D16="","",D16-C16)
A17: 2 | E17: =IF(D17="","",D17-C17)
A18: 3 | E18: =IF(D18="","",D18-C18)
A19: 4 | E19: =IF(D19="","",D19-C19)
A20: 5 | E20: =IF(D20="","",D20-C20)
A21: 6 | E21: =IF(D21="","",D21-C21)
A22: 7 | E22: =IF(D22="","",D22-C22)
A23: 8 | E23: =IF(D23="","",D23-C23)
A24: 9 | E24: =IF(D24="","",D24-C24)
A25: 10 | E25: =IF(D25="","",D25-C25)
A26: 11 | E26: =IF(D26="","",D26-C26)
A27: 12 | E27: =IF(D27="","",D27-C27)
... A35: 20 | E35: =IF(D35="","",D35-C35)
B36: Jumlah | C36: =SUM(C16:C35) | D36: =SUM(D16:D35) | E36: =SUM(E16:E35)
A38: Kesimpulan Pengujian

Sheet Keterangan
C1: KAP Dwi Haryadi Nugraha & Rekan
C2: Keterangan Tickmark dan Kode | E2: Indeks KK | F2: Legend
C3: Klien | E3: Disusun/Tgl
C4: Periode | D4: 31 Desember 2025 | E4: Direview/Tgl
A6: Tickmark
C7: Tanda | D7: Arti
C8: ✓ | D8: Dicocokkan ke dokumen sumber
C9: ^ | D9: Footing (penjumlahan vertikal) benar
C10: < | D10: Cross-footing (penjumlahan horizontal) benar
C11: TB | D11: Cocok dengan neraca saldo
C12: GL | D12: Cocok dengan buku besar
C13: C | D13: Konfirmasi diterima dan sesuai
C14: C/X | D14: Konfirmasi diterima, ada selisih (lihat keterangan)
C15: PY | D15: Cocok dengan kertas kerja tahun lalu
C16: R | D16: Dihitung ulang (rekalkulasi) dan sesuai
C17: O | D17: Diobservasi / dihitung fisik
A19: Kode Jawaban Asersi
C20: Kode | D20: Arti
C21: T | D21: Terpenuhi
C22: T-K | D22: Terpenuhi setelah koreksi (AJE)
C23: TT | D23: Tidak terpenuhi, ada pengecualian yang belum selesai
C24: BD | D24: Belum diuji
C25: n/a | D25: Tidak relevan
A27: Rencana Uji
C28: Kode | D28: Arti
C29: √ | D29: Uji rinci (test of details)
C30: A | D30: Prosedur analitis substantif
C31: - | D31: Tidak diuji (risiko rendah atau tidak relevan)
A33: Sel berwarna kuning muda diisi auditor. Sel lain berisi rumus dan terkunci.
