Workbook

Sheet F Lead
C1: KAP Dwi Haryadi Nugraha & Rekan
C2: KK Induk F · Persediaan Barang Dagang | I2: Indeks KK | J2: F
C3: Klien | I3: Disusun/Tgl
C4: Periode | D4: 31 Desember 2025 | I4: Direview/Tgl
A6: A. Lead Schedule
A7: PM Final (Rp) | E7: M/TM | F7: =IF($C$7="","",IF(ABS(F17)>=$C$7,"M","TM")) | G7: CRA
A8: Ref | B8: Sub-Akun | C8: 2024 Audit | D8: 2025 per Buku | E8: AJE | F8: 2025 Audit | G8: Naik (Turun) | H8: % | I8: Ref AJE | J8: Ref KK Anak
A9: F-1 | F9: =D9+E9 | G9: =F9-C9 | H9: =IF(C9=0,"",G9/C9)
A10: F-2 | F10: =D10+E10 | G10: =F10-C10 | H10: =IF(C10=0,"",G10/C10)
A11: F-3 | F11: =D11+E11 | G11: =F11-C11 | H11: =IF(C11=0,"",G11/C11)
A12: F-4 | F12: =D12+E12 | G12: =F12-C12 | H12: =IF(C12=0,"",G12/C12)
A13: F-5 | F13: =D13+E13 | G13: =F13-C13 | H13: =IF(C13=0,"",G13/C13)
A14: F-6 | F14: =D14+E14 | G14: =F14-C14 | H14: =IF(C14=0,"",G14/C14)
A15: F-7 | F15: =D15+E15 | G15: =F15-C15 | H15: =IF(C15=0,"",G15/C15)
A16: F-8 | F16: =D16+E16 | G16: =F16-C16 | H16: =IF(C16=0,"",G16/C16)
B17: Jumlah | C17: =SUM(C9:C16) | D17: =SUM(D9:D16) | E17: =SUM(E9:E16) | F17: =SUM(F9:F16) | G17: =SUM(G9:G16) | H17: =IF(C17=0,"",G17/C17)
A19: B. Jawaban Asersi (Otomatis dari Program dan KK Anak)
A20: Kode | B20: Asersi | C20: Dijawab oleh Prosedur | E20: Relevan | F20: Selesai | G20: Pengecualian | H20: Jawaban | I20: Ref AJE | J20: Catatan
A21: E | B21: Keberadaan | C21: F.1, F.2, F.5, F.8 | E21: =COUNTIF('F Program'!$D$8:$D$15,"X") | F21: =COUNTIFS('F Program'!$D$8:$D$15,"X",'F Program'!$I$8:$I$15,"Selesai") | G21: =COUNTIFS('F Program'!$D$8:$D$15,"X",'F Program'!$J$8:$J$15,"Pengecualian") | H21: =IF(E21=0,"n/a",IF(G21>0,"TT",IF(F21+COUNTIFS('F Program'!$D$8:$D$15,"X",'F Program'!$I$8:$I$15,"Tidak Relevan")<E21,"BD",IF(F21=0,"n/a",IF(COUNTIFS('F Program'!$D$8:$D$15,"X",'F Program'!$J$8:$J$15,"Koreksi (AJE)")>0,"T-K","T")))))
A22: V | B22: Penilaian | C22: F.1, F.3, F.4, F.6, F.7, F.8 | E22: =COUNTIF('F Program'!$E$8:$E$15,"X") | F22: =COUNTIFS('F Program'!$E$8:$E$15,"X",'F Program'!$I$8:$I$15,"Selesai") | G22: =COUNTIFS('F Program'!$E$8:$E$15,"X",'F Program'!$J$8:$J$15,"Pengecualian") | H22: =IF(E22=0,"n/a",IF(G22>0,"TT",IF(F22+COUNTIFS('F Program'!$E$8:$E$15,"X",'F Program'!$I$8:$I$15,"Tidak Relevan")<E22,"BD",IF(F22=0,"n/a",IF(COUNTIFS('F Program'!$E$8:$E$15,"X",'F Program'!$J$8:$J$15,"Koreksi (AJE)")>0,"T-K","T")))))
A23: C | B23: Kelengkapan | C23: F.1, F.2, F.3, F.4, F.5 | E23: =COUNTIF('F Program'!$F$8:$F$15,"X") | F23: =COUNTIFS('F Program'!$F$8:$F$15,"X",'F Program'!$I$8:$I$15,"Selesai") | G23: =COUNTIFS('F Program'!$F$8:$F$15,"X",'F Program'!$J$8:$J$15,"Pengecualian") | H23: =IF(E23=0,"n/a",IF(G23>0,"TT",IF(F23+COUNTIFS('F Program'!$F$8:$F$15,"X",'F Program'!$I$8:$I$15,"Tidak Relevan")<E23,"BD",IF(F23=0,"n/a",IF(COUNTIFS('F Program'!$F$8:$F$15,"X",'F Program'!$J$8:$J$15,"Koreksi (AJE)")>0,"T-K","T")))))
A24: R | B24: Hak dan Kewajiban | C24: F.1, F.2 | E24: =COUNTIF('F Program'!$G$8:$G$15,"X") | F24: =COUNTIFS('F Program'!$G$8:$G$15,"X",'F Program'!$I$8:$I$15,"Selesai") | G24: =COUNTIFS('F Program'!$G$8:$G$15,"X",'F Program'!$J$8:$J$15,"Pengecualian") | H24: =IF(E24=0,"n/a",IF(G24>0,"TT",IF(F24+COUNTIFS('F Program'!$G$8:$G$15,"X",'F Program'!$I$8:$I$15,"Tidak Relevan")<E24,"BD",IF(F24=0,"n/a",IF(COUNTIFS('F Program'!$G$8:$G$15,"X",'F Program'!$J$8:$J$15,"Koreksi (AJE)")>0,"T-K","T")))))
A25: P | B25: Penyajian dan Pengungkapan | C25: F.6 | E25: =COUNTIF('F Program'!$H$8:$H$15,"X") | F25: =COUNTIFS('F Program'!$H$8:$H$15,"X",'F Program'!$I$8:$I$15,"Selesai") | G25: =COUNTIFS('F Program'!$H$8:$H$15,"X",'F Program'!$J$8:$J$15,"Pengecualian") | H25: =IF(E25=0,"n/a",IF(G25>0,"TT",IF(F25+COUNTIFS('F Program'!$H$8:$H$15,"X",'F Program'!$I$8:$I$15,"Tidak Relevan")<E25,"BD",IF(F25=0,"n/a",IF(COUNTIFS('F Program'!$H$8:$H$15,"X",'F Program'!$J$8:$J$15,"Koreksi (AJE)")>0,"T-K","T")))))
A27: C. Kesimpulan Akun
A28: Status | C28: =IF(COUNTIF(H21:H25,"TT")>0,"Belum terpenuhi",IF(COUNTIF(H21:H25,"BD")+COUNTBLANK(H21:H25)>0,"Pengujian belum selesai",IF(COUNTIF(H21:H25,"T-K")>0,"Wajar setelah penyesuaian audit","Wajar, tidak ada salah saji")))
A29: Kesimpulan Auditor | C29: Berdasarkan prosedur audit yang dilaksanakan, saldo persediaan Barang Dagang per 31 Desember 2025 disajikan wajar dalam semua hal yang material (sesuaikan).
A33: Jawaban: T terpenuhi, T-K terpenuhi setelah koreksi, TT ada pengecualian, BD belum semua prosedur relevan selesai. Hasil akun mengalir ke A-1.

Sheet F Program
C1: KAP Dwi Haryadi Nugraha & Rekan
C2: Program Prosedur Substantif F · Persediaan Barang Dagang | K2: Indeks KK | L2: F
C3: Klien | K3: Disusun/Tgl
C4: Periode | D4: 31 Desember 2025 | K4: Direview/Tgl
A6: Prosedur Substantif Primer (Whitepaper) dan Prosedur Tambahan
A7: Ref | B7: Prosedur | C7: Jenis | D7: E | E7: V | F7: C | G7: R | H7: P | I7: Status | J7: Hasil | K7: Ref AJE | L7: Sheet KK Anak
A8: F.1 | B8: Stock Opname | C8: PSP | D8: X | E8: X | F8: X | G8: X | I8: =IF('F.1 Stock Opname'!$C$7="","Belum",'F.1 Stock Opname'!$C$7) | J8: =IF('F.1 Stock Opname'!$C$8="","",'F.1 Stock Opname'!$C$8) | K8: =IF('F.1 Stock Opname'!$C$9="","",'F.1 Stock Opname'!$C$9) | L8: F.1 Stock Opname
A9: F.2 | B9: Konfirmasi Persediaan yang Dipegang oleh Pihak Lain | C9: PSP | D9: X | F9: X | G9: X | I9: =IF('F.2 Konfirmasi Persediaan yang'!$C$7="","Belum",'F.2 Konfirmasi Persediaan yang'!$C$7) | J9: =IF('F.2 Konfirmasi Persediaan yang'!$C$8="","",'F.2 Konfirmasi Persediaan yang'!$C$8) | K9: =IF('F.2 Konfirmasi Persediaan yang'!$C$9="","",'F.2 Konfirmasi Persediaan yang'!$C$9) | L9: F.2 Konfirmasi Persediaan yang
A10: F.3 | B10: Rekonsiliasi Kompilasi Persediaan dengan Buku Besar | C10: PSP | E10: X | F10: X | I10: =IF('F.3 Rekonsiliasi Kompilasi'!$C$7="","Belum",'F.3 Rekonsiliasi Kompilasi'!$C$7) | J10: =IF('F.3 Rekonsiliasi Kompilasi'!$C$8="","",'F.3 Rekonsiliasi Kompilasi'!$C$8) | K10: =IF('F.3 Rekonsiliasi Kompilasi'!$C$9="","",'F.3 Rekonsiliasi Kompilasi'!$C$9) | L10: F.3 Rekonsiliasi Kompilasi
A11: F.4 | B11: Prosedur Roll-Forward | C11: PSP | E11: X | F11: X | I11: =IF('F.4 Prosedur Roll-Forward'!$C$7="","Belum",'F.4 Prosedur Roll-Forward'!$C$7) | J11: =IF('F.4 Prosedur Roll-Forward'!$C$8="","",'F.4 Prosedur Roll-Forward'!$C$8) | K11: =IF('F.4 Prosedur Roll-Forward'!$C$9="","",'F.4 Prosedur Roll-Forward'!$C$9) | L11: F.4 Prosedur Roll-Forward
A12: F.5 | B12: Cutoff Persediaan | C12: PSP | D12: X | F12: X | I12: =IF('F.5 Cutoff Persediaan'!$C$7="","Belum",'F.5 Cutoff Persediaan'!$C$7) | J12: =IF('F.5 Cutoff Persediaan'!$C$8="","",'F.5 Cutoff Persediaan'!$C$8) | K12: =IF('F.5 Cutoff Persediaan'!$C$9="","",'F.5 Cutoff Persediaan'!$C$9) | L12: F.5 Cutoff Persediaan
A13: F.6 | B13: Penilaian Sesuai dengan Kebijakan Akuntansi | C13: PSP | E13: X | H13: X | I13: =IF('F.6 Penilaian Sesuai dengan'!$C$7="","Belum",'F.6 Penilaian Sesuai dengan'!$C$7) | J13: =IF('F.6 Penilaian Sesuai dengan'!$C$8="","",'F.6 Penilaian Sesuai dengan'!$C$8) | K13: =IF('F.6 Penilaian Sesuai dengan'!$C$9="","",'F.6 Penilaian Sesuai dengan'!$C$9) | L13: F.6 Penilaian Sesuai dengan
A14: F.7 | B14: Pengujian Nilai Realisasi Bersih | C14: PSP | E14: X | I14: =IF('F.7 Pengujian Nilai Realisasi'!$C$7="","Belum",'F.7 Pengujian Nilai Realisasi'!$C$7) | J14: =IF('F.7 Pengujian Nilai Realisasi'!$C$8="","",'F.7 Pengujian Nilai Realisasi'!$C$8) | K14: =IF('F.7 Pengujian Nilai Realisasi'!$C$9="","",'F.7 Pengujian Nilai Realisasi'!$C$9) | L14: F.7 Pengujian Nilai Realisasi
A15: F.8 | B15: Observasi Gudang dan Barang Lambat/Rusak | C15: Tambahan | D15: X | E15: X | I15: =IF('F.8 Observasi Gudang dan'!$C$7="","Belum",'F.8 Observasi Gudang dan'!$C$7) | J15: =IF('F.8 Observasi Gudang dan'!$C$8="","",'F.8 Observasi Gudang dan'!$C$8) | K15: =IF('F.8 Observasi Gudang dan'!$C$9="","",'F.8 Observasi Gudang dan'!$C$9) | L15: F.8 Observasi Gudang dan
A17: Status dan hasil diisi di sheet KK anak masing-masing prosedur (sel kuning bagian A). Program ini dan jawaban asersi di Lead terisi otomatis.
A18: X = asersi yang dijawab prosedur (whitepaper Asersi dan Prosedur Audit Substantif Primer). Prosedur tambahan merespons risiko gabungan (CRA) dan karakter industri.

Sheet F.1 Stock Opname
C1: KAP Dwi Haryadi Nugraha & Rekan
C2: KK Anak F.1 · Stock Opname | I2: Indeks KK | J2: F.1
C3: Klien | I3: Disusun/Tgl
C4: Periode | D4: 31 Desember 2025 | I4: Direview/Tgl
A6: A. Status dan Hasil Prosedur
A7: Status | C7: Belum | D7: Asersi Dijawab | E7: E Keberadaan, V Penilaian, C Kelengkapan, R Hak dan Kewajiban
A8: Hasil | D8: Jenis | E8: PSP (Whitepaper)
A9: Ref AJE | D9: Dikerjakan Oleh/Tgl
A11: B. Langkah Kerja
A12: Hadiri dan observasi perhitungan fisik persediaan; lakukan test count dua arah (fisik ke kartu dan kartu ke fisik); catat barang rusak, usang, dan milik pihak lain.
A14: C. Pengujian
A15: No | B15: Kode Barang | C15: Nama Barang | D15: Lokasi | E15: Qty Buku | F15: Qty Fisik | G15: Selisih Qty | H15: Harga Satuan | I15: Selisih Nilai | J15: Keterangan
A16: 1 | G16: =IF(F16="","",F16-E16) | I16: =IF(OR(G16="",H16=""),"",G16*H16)
A17: 2 | G17: =IF(F17="","",F17-E17) | I17: =IF(OR(G17="",H17=""),"",G17*H17)
A18: 3 | G18: =IF(F18="","",F18-E18) | I18: =IF(OR(G18="",H18=""),"",G18*H18)
A19: 4 | G19: =IF(F19="","",F19-E19) | I19: =IF(OR(G19="",H19=""),"",G19*H19)
A20: 5 | G20: =IF(F20="","",F20-E20) | I20: =IF(OR(G20="",H20=""),"",G20*H20)
A21: 6 | G21: =IF(F21="","",F21-E21) | I21: =IF(OR(G21="",H21=""),"",G21*H21)
A22: 7 | G22: =IF(F22="","",F22-E22) | I22: =IF(OR(G22="",H22=""),"",G22*H22)
A23: 8 | G23: =IF(F23="","",F23-E23) | I23: =IF(OR(G23="",H23=""),"",G23*H23)
A24: 9 | G24: =IF(F24="","",F24-E24) | I24: =IF(OR(G24="",H24=""),"",G24*H24)
A25: 10 | G25: =IF(F25="","",F25-E25) | I25: =IF(OR(G25="",H25=""),"",G25*H25)
A26: 11 | G26: =IF(F26="","",F26-E26) | I26: =IF(OR(G26="",H26=""),"",G26*H26)
A27: 12 | G27: =IF(F27="","",F27-E27) | I27: =IF(OR(G27="",H27=""),"",G27*H27)
... A40: 25 | G40: =IF(F40="","",F40-E40) | I40: =IF(OR(G40="",H40=""),"",G40*H40)
B41: Jumlah | I41: =SUM(I16:I40)
A43: Kesimpulan Pengujian

Sheet F.2 Konfirmasi Persediaan yang
C1: KAP Dwi Haryadi Nugraha & Rekan
C2: KK Anak F.2 · Konfirmasi Persediaan yang Dipegang oleh Pihak Lain | H2: Indeks KK | I2: F.2
C3: Klien | H3: Disusun/Tgl
C4: Periode | D4: 31 Desember 2025 | H4: Direview/Tgl
A6: A. Status dan Hasil Prosedur
A7: Status | C7: Belum | D7: Asersi Dijawab | E7: E Keberadaan, C Kelengkapan, R Hak dan Kewajiban
A8: Hasil | D8: Jenis | E8: PSP (Whitepaper)
A9: Ref AJE | D9: Dikerjakan Oleh/Tgl
A11: B. Langkah Kerja
A12: Konfirmasi persediaan yang berada di gudang pihak ketiga, konsinyasi, atau dalam perjalanan.
A14: C. Pengujian
A15: No | B15: Pihak Dikonfirmasi | C15: Saldo per Buku | D15: Tgl Kirim | E15: Tgl Terima | F15: Saldo per Konfirmasi | G15: Selisih | H15: Penjelasan / Prosedur Alternatif | I15: Tickmark
A16: 1 | G16: =IF(F16="","",F16-C16)
A17: 2 | G17: =IF(F17="","",F17-C17)
A18: 3 | G18: =IF(F18="","",F18-C18)
A19: 4 | G19: =IF(F19="","",F19-C19)
A20: 5 | G20: =IF(F20="","",F20-C20)
A21: 6 | G21: =IF(F21="","",F21-C21)
A22: 7 | G22: =IF(F22="","",F22-C22)
A23: 8 | G23: =IF(F23="","",F23-C23)
A24: 9 | G24: =IF(F24="","",F24-C24)
A25: 10 | G25: =IF(F25="","",F25-C25)
A26: 11 | G26: =IF(F26="","",F26-C26)
A27: 12 | G27: =IF(F27="","",F27-C27)
... A30: 15 | G30: =IF(F30="","",F30-C30)
B31: Jumlah | C31: =SUM(C16:C30) | F31: =SUM(F16:F30) | G31: =SUM(G16:G30)
B32: Konfirmasi Kembali (%) | C32: =IF(COUNTA(B16:B30)=0,"",COUNTA(E16:E30)/COUNTA(B16:B30))
A34: Kesimpulan Pengujian

Sheet F.3 Rekonsiliasi Kompilasi
C1: KAP Dwi Haryadi Nugraha & Rekan
C2: KK Anak F.3 · Rekonsiliasi Kompilasi Persediaan dengan Buku Besar | F2: Indeks KK | G2: F.3
C3: Klien | F3: Disusun/Tgl
C4: Periode | D4: 31 Desember 2025 | F4: Direview/Tgl
A6: A. Status dan Hasil Prosedur
A7: Status | C7: Belum | D7: Asersi Dijawab | E7: V Penilaian, C Kelengkapan
A8: Hasil | D8: Jenis | E8: PSP (Whitepaper)
A9: Ref AJE | D9: Dikerjakan Oleh/Tgl
A11: B. Langkah Kerja
A12: Cocokkan hasil kompilasi stock opname yang telah dinilai dengan buku besar; selidiki selisih.
A14: C. Pengujian
A15: No | B15: Uraian / Dokumen | C15: Jumlah per Buku | D15: Jumlah per Bukti | E15: Selisih | F15: Tickmark | G15: Keterangan
A16: 1 | E16: =IF(D16="","",D16-C16)
A17: 2 | E17: =IF(D17="","",D17-C17)
A18: 3 | E18: =IF(D18="","",D18-C18)
A19: 4 | E19: =IF(D19="","",D19-C19)
A20: 5 | E20: =IF(D20="","",D20-C20)
A21: 6 | E21: =IF(D21="","",D21-C21)
A22: 7 | E22: =IF(D22="","",D22-C22)
A23: 8 | E23: =IF(D23="","",D23-C23)
A24: 9 | E24: =IF(D24="","",D24-C24)
A25: 10 | E25: =IF(D25="","",D25-C25)
A26: 11 | E26: =IF(D26="","",D26-C26)
A27: 12 | E27: =IF(D27="","",D27-C27)
... A35: 20 | E35: =IF(D35="","",D35-C35)
B36: Jumlah | C36: =SUM(C16:C35) | D36: =SUM(D16:D35) | E36: =SUM(E16:E35)
A38: Kesimpulan Pengujian

Sheet F.4 Prosedur Roll-Forward
C1: KAP Dwi Haryadi Nugraha & Rekan
C2: KK Anak F.4 · Prosedur Roll-Forward | E2: Indeks KK | F2: F.4
C3: Klien | E3: Disusun/Tgl
C4: Periode | D4: 31 Desember 2025 | E4: Direview/Tgl
A6: A. Status dan Hasil Prosedur
A7: Status | C7: Belum | D7: Asersi Dijawab | E7: V Penilaian, C Kelengkapan
A8: Hasil | D8: Jenis | E8: PSP (Whitepaper)
A9: Ref AJE | D9: Dikerjakan Oleh/Tgl
A11: B. Langkah Kerja
A12: Bila opname tidak pada tanggal neraca, roll-forward dari tanggal opname ke tanggal neraca: + pembelian/produksi - pemakaian/penjualan.
A14: C. Pengujian
A15: No | B15: Uraian | C15: Jumlah | D15: Sumber / Ref | E15: Tickmark | F15: Keterangan
A16: 1 | B16: Saldo Awal (Audit Tahun Lalu)
A17: 2 | B17: Penambahan
A18: 3 | B18: Pengurangan
A19: 4 | B19: Penyesuaian Lain
B20: Saldo Akhir Dihitung | C20: =C16+C17-C18+C19
B21: Saldo Akhir Per Buku
B22: Selisih | C22: =IF(C21="","",C20-C21)
A24: Kesimpulan Pengujian

Sheet F.5 Cutoff Persediaan
C1: KAP Dwi Haryadi Nugraha & Rekan
C2: KK Anak F.5 · Cutoff Persediaan | H2: Indeks KK | I2: F.5
C3: Klien | H3: Disusun/Tgl
C4: Periode | D4: 31 Desember 2025 | H4: Direview/Tgl
A6: A. Status dan Hasil Prosedur
A7: Status | C7: Belum | D7: Asersi Dijawab | E7: E Keberadaan, C Kelengkapan
A8: Hasil | D8: Jenis | E8: PSP (Whitepaper)
A9: Ref AJE | D9: Dikerjakan Oleh/Tgl
A11: B. Langkah Kerja
A12: Uji dokumen penerimaan dan pengiriman barang terakhir sebelum dan pertama sesudah tanggal neraca.
A14: C. Pengujian
A15: No | B15: Tanggal | C15: No. Dokumen | D15: Uraian | E15: Nilai | F15: Dicatat Periode | G15: Seharusnya Periode | H15: Hasil | I15: Keterangan
A16: 1 | H16: =IF(OR(F16="",G16=""),"",IF(F16=G16,"Sesuai","Salah Saji"))
A17: 2 | H17: =IF(OR(F17="",G17=""),"",IF(F17=G17,"Sesuai","Salah Saji"))
A18: 3 | H18: =IF(OR(F18="",G18=""),"",IF(F18=G18,"Sesuai","Salah Saji"))
A19: 4 | H19: =IF(OR(F19="",G19=""),"",IF(F19=G19,"Sesuai","Salah Saji"))
A20: 5 | H20: =IF(OR(F20="",G20=""),"",IF(F20=G20,"Sesuai","Salah Saji"))
A21: 6 | H21: =IF(OR(F21="",G21=""),"",IF(F21=G21,"Sesuai","Salah Saji"))
A22: 7 | H22: =IF(OR(F22="",G22=""),"",IF(F22=G22,"Sesuai","Salah Saji"))
A23: 8 | H23: =IF(OR(F23="",G23=""),"",IF(F23=G23,"Sesuai","Salah Saji"))
A24: 9 | H24: =IF(OR(F24="",G24=""),"",IF(F24=G24,"Sesuai","Salah Saji"))
A25: 10 | H25: =IF(OR(F25="",G25=""),"",IF(F25=G25,"Sesuai","Salah Saji"))
A26: 11 | H26: =IF(OR(F26="",G26=""),"",IF(F26=G26,"Sesuai","Salah Saji"))
A27: 12 | H27: =IF(OR(F27="",G27=""),"",IF(F27=G27,"Sesuai","Salah Saji"))
... A35: 20 | H35: =IF(OR(F35="",G35=""),"",IF(F35=G35,"Sesuai","Salah Saji"))
D36: Jumlah Salah Saji Pisah Batas | E36: =SUMIF(H16:H35,"Salah Saji",E16:E35)
A38: Kesimpulan Pengujian

Sheet F.6 Penilaian Sesuai dengan
C1: KAP Dwi Haryadi Nugraha & Rekan
C2: KK Anak F.6 · Penilaian Sesuai dengan Kebijakan Akuntansi | F2: Indeks KK | G2: F.6
C3: Klien | F3: Disusun/Tgl
C4: Periode | D4: 31 Desember 2025 | F4: Direview/Tgl
A6: A. Status dan Hasil Prosedur
A7: Status | C7: Belum | D7: Asersi Dijawab | E7: V Penilaian, P Penyajian dan Pengungkapan
A8: Hasil | D8: Jenis | E8: PSP (Whitepaper)
A9: Ref AJE | D9: Dikerjakan Oleh/Tgl
A11: B. Langkah Kerja
A12: Uji harga pokok (FIFO/rata-rata), alokasi biaya konversi dan overhead tetap (PSAK 202); rekalkulasi sampel.
A14: C. Pengujian
A15: No | B15: Uraian / Dokumen | C15: Jumlah per Buku | D15: Jumlah per Bukti | E15: Selisih | F15: Tickmark | G15: Keterangan
A16: 1 | E16: =IF(D16="","",D16-C16)
A17: 2 | E17: =IF(D17="","",D17-C17)
A18: 3 | E18: =IF(D18="","",D18-C18)
A19: 4 | E19: =IF(D19="","",D19-C19)
A20: 5 | E20: =IF(D20="","",D20-C20)
A21: 6 | E21: =IF(D21="","",D21-C21)
A22: 7 | E22: =IF(D22="","",D22-C22)
A23: 8 | E23: =IF(D23="","",D23-C23)
A24: 9 | E24: =IF(D24="","",D24-C24)
A25: 10 | E25: =IF(D25="","",D25-C25)
A26: 11 | E26: =IF(D26="","",D26-C26)
A27: 12 | E27: =IF(D27="","",D27-C27)
... A35: 20 | E35: =IF(D35="","",D35-C35)
B36: Jumlah | C36: =SUM(C16:C35) | D36: =SUM(D16:D35) | E36: =SUM(E16:E35)
A38: Kesimpulan Pengujian

Sheet F.7 Pengujian Nilai Realisasi
C1: KAP Dwi Haryadi Nugraha & Rekan
C2: KK Anak F.7 · Pengujian Nilai Realisasi Bersih | F2: Indeks KK | G2: F.7
C3: Klien | F3: Disusun/Tgl
C4: Periode | D4: 31 Desember 2025 | F4: Direview/Tgl
A6: A. Status dan Hasil Prosedur
A7: Status | C7: Belum | D7: Asersi Dijawab | E7: V Penilaian
A8: Hasil | D8: Jenis | E8: PSP (Whitepaper)
A9: Ref AJE | D9: Dikerjakan Oleh/Tgl
A11: B. Langkah Kerja
A12: Bandingkan biaya dengan harga jual setelah tanggal neraca dikurangi biaya penjualan; identifikasi barang lambat dan usang.
A14: C. Pengujian
A15: No | B15: Uraian / Dokumen | C15: Jumlah per Buku | D15: Jumlah per Bukti | E15: Selisih | F15: Tickmark | G15: Keterangan
A16: 1 | E16: =IF(D16="","",D16-C16)
A17: 2 | E17: =IF(D17="","",D17-C17)
A18: 3 | E18: =IF(D18="","",D18-C18)
A19: 4 | E19: =IF(D19="","",D19-C19)
A20: 5 | E20: =IF(D20="","",D20-C20)
A21: 6 | E21: =IF(D21="","",D21-C21)
A22: 7 | E22: =IF(D22="","",D22-C22)
A23: 8 | E23: =IF(D23="","",D23-C23)
A24: 9 | E24: =IF(D24="","",D24-C24)
A25: 10 | E25: =IF(D25="","",D25-C25)
A26: 11 | E26: =IF(D26="","",D26-C26)
A27: 12 | E27: =IF(D27="","",D27-C27)
... A35: 20 | E35: =IF(D35="","",D35-C35)
B36: Jumlah | C36: =SUM(C16:C35) | D36: =SUM(D16:D35) | E36: =SUM(E16:E35)
A38: Kesimpulan Pengujian

Sheet F.8 Observasi Gudang dan
C1: KAP Dwi Haryadi Nugraha & Rekan
C2: KK Anak F.8 · Observasi Gudang dan Barang Lambat/Rusak | F2: Indeks KK | G2: F.8
C3: Klien | F3: Disusun/Tgl
C4: Periode | D4: 31 Desember 2025 | F4: Direview/Tgl
A6: A. Status dan Hasil Prosedur
A7: Status | C7: Belum | D7: Asersi Dijawab | E7: E Keberadaan, V Penilaian
A8: Hasil | D8: Jenis | E8: Prosedur Tambahan
A9: Ref AJE | D9: Dikerjakan Oleh/Tgl
A11: B. Langkah Kerja
A12: Observasi gudang dan identifikasi barang lambat, rusak, dan kedaluwarsa.
A14: C. Pengujian
A15: No | B15: Uraian / Dokumen | C15: Jumlah per Buku | D15: Jumlah per Bukti | E15: Selisih | F15: Tickmark | G15: Keterangan
A16: 1 | E16: =IF(D16="","",D16-C16)
A17: 2 | E17: =IF(D17="","",D17-C17)
A18: 3 | E18: =IF(D18="","",D18-C18)
A19: 4 | E19: =IF(D19="","",D19-C19)
A20: 5 | E20: =IF(D20="","",D20-C20)
A21: 6 | E21: =IF(D21="","",D21-C21)
A22: 7 | E22: =IF(D22="","",D22-C22)
A23: 8 | E23: =IF(D23="","",D23-C23)
A24: 9 | E24: =IF(D24="","",D24-C24)
A25: 10 | E25: =IF(D25="","",D25-C25)
A26: 11 | E26: =IF(D26="","",D26-C26)
A27: 12 | E27: =IF(D27="","",D27-C27)
... A35: 20 | E35: =IF(D35="","",D35-C35)
B36: Jumlah | C36: =SUM(C16:C35) | D36: =SUM(D16:D35) | E36: =SUM(E16:E35)
A38: Kesimpulan Pengujian

Sheet Keterangan
C1: KAP Dwi Haryadi Nugraha & Rekan
C2: Keterangan Tickmark dan Kode | E2: Indeks KK | F2: Legend
C3: Klien | E3: Disusun/Tgl
C4: Periode | D4: 31 Desember 2025 | E4: Direview/Tgl
A6: Tickmark
C7: Tanda | D7: Arti
C8: ✓ | D8: Dicocokkan ke dokumen sumber
C9: ^ | D9: Footing (penjumlahan vertikal) benar
C10: < | D10: Cross-footing (penjumlahan horizontal) benar
C11: TB | D11: Cocok dengan neraca saldo
C12: GL | D12: Cocok dengan buku besar
C13: C | D13: Konfirmasi diterima dan sesuai
C14: C/X | D14: Konfirmasi diterima, ada selisih (lihat keterangan)
C15: PY | D15: Cocok dengan kertas kerja tahun lalu
C16: R | D16: Dihitung ulang (rekalkulasi) dan sesuai
C17: O | D17: Diobservasi / dihitung fisik
A19: Kode Jawaban Asersi
C20: Kode | D20: Arti
C21: T | D21: Terpenuhi
C22: T-K | D22: Terpenuhi setelah koreksi (AJE)
C23: TT | D23: Tidak terpenuhi, ada pengecualian yang belum selesai
C24: BD | D24: Belum diuji
C25: n/a | D25: Tidak relevan
A27: Rencana Uji
C28: Kode | D28: Arti
C29: √ | D29: Uji rinci (test of details)
C30: A | D30: Prosedur analitis substantif
C31: - | D31: Tidak diuji (risiko rendah atau tidak relevan)
A33: Sel berwarna kuning muda diisi auditor. Sel lain berisi rumus dan terkunci.
